latitude:6.1940984;longitude:-75.58196938;altitude:1533.1492919921875;accuracy:6.432000160217285;vertical_accuracy:8.0;bearing:0.0;speed:0.0;elapsedMs:8;provider:gps;(2020, 12, 13, 13, 55)
latitude:6.19409052;longitude:-75.58190832;altitude:1564.19482421875;accuracy:9.648000717163086;vertical_accuracy:8.0;bearing:0.0;speed:0.0;elapsedMs:8;provider:gps;(2020, 12, 13, 13, 55)
latitude:6.19409052;longitude:-75.58190832;altitude:1564.19482421875;accuracy:19.296001434326172;vertical_accuracy:12.0;bearing:0.0;speed:0.0;elapsedMs:18;provider:gps;(2020, 12, 13, 13, 55)
latitude:6.19496151;longitude:-75.58140635;altitude:1567.71337890625;accuracy:30.016000747680664;vertical_accuracy:24.0;bearing:20.700000762939453;speed:12.949999809265137;elapsedMs:9;provider:gps;(2020, 12, 13, 13, 55)
latitude:6.19568341;longitude:-75.58128971;altitude:1566.94384765625;accuracy:11.791999816894531;vertical_accuracy:16.0;bearing:19.799999237060547;speed:16.1200008392334;elapsedMs:19;provider:gps;(2020, 12, 13, 13, 55)
latitude:6.19610332;longitude:-75.58102054;altitude:1532.3431396484375;accuracy:10.720000267028809;vertical_accuracy:12.0;bearing:19.100000381469727;speed:18.34000015258789;elapsedMs:5;provider:gps;(2020, 12, 13, 13, 55)
latitude:6.19643484;longitude:-75.58093507;altitude:1534.44189453125;accuracy:8.576000213623047;vertical_accuracy:12.0;bearing:19.0;speed:19.889999389648438;elapsedMs:5;provider:gps;(2020, 12, 13, 13, 55)
latitude:6.19683372;longitude:-75.58086424;altitude:1537.9222412109375;accuracy:6.432000160217285;vertical_accuracy:8.0;bearing:18.899999618530273;speed:20.6299991607666;elapsedMs:13;provider:gps;(2020, 12, 13, 13, 55)
latitude:6.19722981;longitude:-75.5807395;altitude:1541.24462890625;accuracy:6.432000160217285;vertical_accuracy:8.0;bearing:19.600000381469727;speed:21.5;elapsedMs:18;provider:gps;(2020, 12, 13, 13, 55)
latitude:6.19761348;longitude:-75.58060042;altitude:1541.8739013671875;accuracy:5.360000133514404;vertical_accuracy:6.0;bearing:19.600000381469727;speed:22.059999465942383;elapsedMs:12;provider:gps;(2020, 12, 13, 13, 55)
latitude:6.19800044;longitude:-75.58045129;altitude:1544.9852294921875;accuracy:5.360000133514404;vertical_accuracy:6.0;bearing:19.600000381469727;speed:21.780000686645508;elapsedMs:13;provider:gps;(2020, 12, 13, 13, 55)
latitude:6.19838847;longitude:-75.58031733;altitude:1543.7728271484375;accuracy:7.504000186920166;vertical_accuracy:8.0;bearing:18.299999237060547;speed:22.110000610351562;elapsedMs:16;provider:gps;(2020, 12, 13, 13, 55)
latitude:6.19876502;longitude:-75.58018411;altitude:1541.100341796875;accuracy:6.432000160217285;vertical_accuracy:6.0;bearing:17.399999618530273;speed:21.65999984741211;elapsedMs:18;provider:gps;(2020, 12, 13, 13, 55)
latitude:6.19916773;longitude:-75.58006576;altitude:1539.591552734375;accuracy:6.432000160217285;vertical_accuracy:6.0;bearing:15.100000381469727;speed:22.06999969482422;elapsedMs:8;provider:gps;(2020, 12, 13, 13, 55)
latitude:6.19957348;longitude:-75.57998242;altitude:1540.112548828125;accuracy:5.360000133514404;vertical_accuracy:6.0;bearing:13.5;speed:22.559999465942383;elapsedMs:7;provider:gps;(2020, 12, 13, 13, 55)
latitude:6.19996348;longitude:-75.57993471;altitude:1541.165283203125;accuracy:5.360000133514404;vertical_accuracy:6.0;bearing:10.800000190734863;speed:22.440000534057617;elapsedMs:18;provider:gps;(2020, 12, 13, 13, 55)
latitude:6.20030661;longitude:-75.57986218;altitude:1538.314208984375;accuracy:5.360000133514404;vertical_accuracy:6.0;bearing:9.600000381469727;speed:22.540000915527344;elapsedMs:4;provider:gps;(2020, 12, 13, 13, 55)
latitude:6.20074382;longitude:-75.57982338;altitude:1535.9420166015625;accuracy:5.360000133514404;vertical_accuracy:6.0;bearing:8.800000190734863;speed:22.440000534057617;elapsedMs:15;provider:gps;(2020, 12, 13, 13, 56)
latitude:6.20114414;longitude:-75.57976209;altitude:1536.20703125;accuracy:6.432000160217285;vertical_accuracy:8.0;bearing:9.399999618530273;speed:22.420000076293945;elapsedMs:11;provider:gps;(2020, 12, 13, 13, 56)
latitude:6.20151296;longitude:-75.57970186;altitude:1534.5352783203125;accuracy:7.504000186920166;vertical_accuracy:8.0;bearing:8.399999618530273;speed:21.8700008392334;elapsedMs:23;provider:gps;(2020, 12, 13, 13, 56)
latitude:6.20191781;longitude:-75.57964437;altitude:1539.8861083984375;accuracy:8.576000213623047;vertical_accuracy:12.0;bearing:8.600000381469727;speed:21.770000457763672;elapsedMs:4;provider:gps;(2020, 12, 13, 13, 56)
latitude:6.20230745;longitude:-75.57958019;altitude:1539.224853515625;accuracy:7.504000186920166;vertical_accuracy:8.0;bearing:9.399999618530273;speed:21.860000610351562;elapsedMs:15;provider:gps;(2020, 12, 13, 13, 56)
latitude:6.20269978;longitude:-75.57952223;altitude:1538.724609375;accuracy:6.432000160217285;vertical_accuracy:8.0;bearing:8.199999809265137;speed:21.979999542236328;elapsedMs:22;provider:gps;(2020, 12, 13, 13, 56)
latitude:6.20307814;longitude:-75.57946384;altitude:1538.576416015625;accuracy:6.432000160217285;vertical_accuracy:6.0;bearing:9.600000381469727;speed:21.299999237060547;elapsedMs:10;provider:gps;(2020, 12, 13, 13, 56)
latitude:6.20346581;longitude:-75.57942291;altitude:1538.474853515625;accuracy:6.432000160217285;vertical_accuracy:6.0;bearing:6.5;speed:21.719999313354492;elapsedMs:17;provider:gps;(2020, 12, 13, 13, 56)
latitude:6.20426163;longitude:-75.57932818;altitude:1540.1182861328125;accuracy:6.432000160217285;vertical_accuracy:6.0;bearing:6.800000190734863;speed:21.899999618530273;elapsedMs:21;provider:gps;(2020, 12, 13, 13, 56)
latitude:6.20473824;longitude:-75.57919842;altitude:1528.7486572265625;accuracy:5.360000133514404;vertical_accuracy:6.0;bearing:9.100000381469727;speed:22.1200008392334;elapsedMs:22;provider:gps;(2020, 12, 13, 13, 56)
latitude:6.20513576;longitude:-75.57918905;altitude:1530.2369384765625;accuracy:5.360000133514404;vertical_accuracy:6.0;bearing:8.0;speed:22.309999465942383;elapsedMs:18;provider:gps;(2020, 12, 13, 13, 56)
latitude:6.20554448;longitude:-75.57905851;altitude:1525.4404296875;accuracy:6.432000160217285;vertical_accuracy:8.0;bearing:8.5;speed:22.489999771118164;elapsedMs:21;provider:gps;(2020, 12, 13, 13, 56)
latitude:6.20590116;longitude:-75.57900547;altitude:1525.0118408203125;accuracy:6.432000160217285;vertical_accuracy:8.0;bearing:6.099999904632568;speed:22.389999389648438;elapsedMs:7;provider:gps;(2020, 12, 13, 13, 56)
latitude:6.20628547;longitude:-75.57896551;altitude:1523.640625;accuracy:6.432000160217285;vertical_accuracy:8.0;bearing:5.900000095367432;speed:22.329999923706055;elapsedMs:17;provider:gps;(2020, 12, 13, 13, 56)
latitude:6.20667764;longitude:-75.57891215;altitude:1523.0938720703125;accuracy:6.432000160217285;vertical_accuracy:6.0;bearing:7.599999904632568;speed:22.079999923706055;elapsedMs:15;provider:gps;(2020, 12, 13, 13, 56)
latitude:6.20703609;longitude:-75.57885325;altitude:1523.2186279296875;accuracy:5.360000133514404;vertical_accuracy:6.0;bearing:8.199999809265137;speed:20.940000534057617;elapsedMs:19;provider:gps;(2020, 12, 13, 13, 56)
latitude:6.21094517;longitude:-75.57837054;altitude:1523.1956787109375;accuracy:11.791999816894531;vertical_accuracy:16.0;bearing:9.300000190734863;speed:12.630000114440918;elapsedMs:9;provider:gps;(2020, 12, 13, 13, 57)
latitude:6.21174193;longitude:-75.57818327;altitude:1519.8271484375;accuracy:11.791999816894531;vertical_accuracy:12.0;bearing:17.200000762939453;speed:7.269999980926514;elapsedMs:4;provider:gps;(2020, 12, 13, 13, 57)
latitude:6.21196836;longitude:-75.57814468;altitude:1515.9256591796875;accuracy:9.648000717163086;vertical_accuracy:12.0;bearing:13.0;speed:5.010000228881836;elapsedMs:20;provider:gps;(2020, 12, 13, 13, 57)
latitude:6.21205569;longitude:-75.57811193;altitude:1517.4134521484375;accuracy:10.720000267028809;vertical_accuracy:12.0;bearing:17.5;speed:4.019999980926514;elapsedMs:16;provider:gps;(2020, 12, 13, 13, 57)
latitude:6.21209905;longitude:-75.57810914;altitude:1517.1790771484375;accuracy:7.504000186920166;vertical_accuracy:8.0;bearing:11.899999618530273;speed:2.759999990463257;elapsedMs:8;provider:gps;(2020, 12, 13, 13, 57)
latitude:6.21213484;longitude:-75.57809175;altitude:1516.183349609375;accuracy:8.576000213623047;vertical_accuracy:8.0;bearing:48.599998474121094;speed:1.149999976158142;elapsedMs:23;provider:gps;(2020, 12, 13, 13, 57)
latitude:6.21214424;longitude:-75.57805326;altitude:1515.9908447265625;accuracy:9.648000717163086;vertical_accuracy:8.0;bearing:71.0999984741211;speed:1.7899999618530273;elapsedMs:11;provider:gps;(2020, 12, 13, 13, 57)
latitude:6.21214914;longitude:-75.57803427;altitude:1516.4505615234375;accuracy:15.008000373840332;vertical_accuracy:12.0;bearing:96.0999984741211;speed:1.25;elapsedMs:14;provider:gps;(2020, 12, 13, 13, 57)
latitude:6.21213854;longitude:-75.57803185;altitude:1516.9169921875;accuracy:11.791999816894531;vertical_accuracy:12.0;bearing:120.5;speed:0.38999998569488525;elapsedMs:21;provider:gps;(2020, 12, 13, 13, 57)
latitude:6.21212562;longitude:-75.57805554;altitude:1517.478759765625;accuracy:11.791999816894531;vertical_accuracy:12.0;bearing:0.0;speed:0.0;elapsedMs:8;provider:gps;(2020, 12, 13, 13, 57)
latitude:6.21211932;longitude:-75.57806211;altitude:1517.5133056640625;accuracy:8.576000213623047;vertical_accuracy:8.0;bearing:0.0;speed:0.0;elapsedMs:19;provider:gps;(2020, 12, 13, 13, 57)
latitude:6.21212891;longitude:-75.57809002;altitude:1521.8323974609375;accuracy:9.648000717163086;vertical_accuracy:12.0;bearing:0.0;speed:0.0;elapsedMs:17;provider:gps;(2020, 12, 13, 13, 57)
latitude:6.21214531;longitude:-75.57810491;altitude:1521.2178955078125;accuracy:10.720000267028809;vertical_accuracy:12.0;bearing:0.0;speed:0.0;elapsedMs:13;provider:gps;(2020, 12, 13, 13, 57)
latitude:6.21214692;longitude:-75.57810611;altitude:1521.2327880859375;accuracy:8.576000213623047;vertical_accuracy:8.0;bearing:0.0;speed:0.0;elapsedMs:29;provider:gps;(2020, 12, 13, 13, 57)
latitude:6.21214731;longitude:-75.57810641;altitude:1521.2216796875;accuracy:7.504000186920166;vertical_accuracy:8.0;bearing:0.0;speed:0.0;elapsedMs:5;provider:gps;(2020, 12, 13, 13, 57)
latitude:6.2121476;longitude:-75.57810707;altitude:1521.3592529296875;accuracy:5.360000133514404;vertical_accuracy:6.0;bearing:0.0;speed:0.0;elapsedMs:14;provider:gps;(2020, 12, 13, 13, 57)
latitude:6.21214845;longitude:-75.57810882;altitude:1521.614013671875;accuracy:6.432000160217285;vertical_accuracy:6.0;bearing:0.0;speed:0.0;elapsedMs:10;provider:gps;(2020, 12, 13, 13, 57)
latitude:6.21214903;longitude:-75.57811009;altitude:1521.6441650390625;accuracy:6.432000160217285;vertical_accuracy:6.0;bearing:0.0;speed:0.0;elapsedMs:14;provider:gps;(2020, 12, 13, 13, 57)
latitude:6.2121492;longitude:-75.57811049;altitude:1521.6463623046875;accuracy:5.360000133514404;vertical_accuracy:6.0;bearing:0.0;speed:0.0;elapsedMs:14;provider:gps;(2020, 12, 13, 13, 57)
latitude:6.21214925;longitude:-75.57811074;altitude:1521.6507568359375;accuracy:5.360000133514404;vertical_accuracy:6.0;bearing:0.0;speed:0.0;elapsedMs:20;provider:gps;(2020, 12, 13, 13, 58)
latitude:6.21217554;longitude:-75.57811501;altitude:1521.648193359375;accuracy:6.432000160217285;vertical_accuracy:6.0;bearing:352.6000061035156;speed:4.309999942779541;elapsedMs:13;provider:gps;(2020, 12, 13, 13, 58)
latitude:6.21235594;longitude:-75.57807019;altitude:1521.32568359375;accuracy:6.432000160217285;vertical_accuracy:6.0;bearing:10.399999618530273;speed:6.71999979019165;elapsedMs:12;provider:gps;(2020, 12, 13, 13, 58)
latitude:6.21251002;longitude:-75.57802144;altitude:1521.096923828125;accuracy:7.504000186920166;vertical_accuracy:6.0;bearing:16.200000762939453;speed:8.350000381469727;elapsedMs:7;provider:gps;(2020, 12, 13, 13, 58)
latitude:6.21332025;longitude:-75.5779623;altitude:1515.4327392578125;accuracy:11.791999816894531;vertical_accuracy:12.0;bearing:8.300000190734863;speed:13.600000381469727;elapsedMs:4;provider:gps;(2020, 12, 13, 13, 58)
latitude:6.21371808;longitude:-75.57791137;altitude:1519.56689453125;accuracy:9.648000717163086;vertical_accuracy:8.0;bearing:8.300000190734863;speed:14.539999961853027;elapsedMs:15;provider:gps;(2020, 12, 13, 13, 58)
latitude:6.21411291;longitude:-75.57793949;altitude:1518.2984619140625;accuracy:9.648000717163086;vertical_accuracy:12.0;bearing:8.0;speed:17.149999618530273;elapsedMs:12;provider:gps;(2020, 12, 13, 13, 58)
latitude:6.21450524;longitude:-75.57781303;altitude:1518.2435302734375;accuracy:6.432000160217285;vertical_accuracy:8.0;bearing:9.699999809265137;speed:19.149999618530273;elapsedMs:17;provider:gps;(2020, 12, 13, 13, 58)
latitude:6.21484903;longitude:-75.57777543;altitude:1521.734375;accuracy:6.432000160217285;vertical_accuracy:8.0;bearing:7.900000095367432;speed:20.200000762939453;elapsedMs:26;provider:gps;(2020, 12, 13, 13, 58)
latitude:6.21527968;longitude:-75.57770873;altitude:1527.40771484375;accuracy:4.288000106811523;vertical_accuracy:6.0;bearing:9.199999809265137;speed:21.290000915527344;elapsedMs:4;provider:gps;(2020, 12, 13, 13, 58)
latitude:6.21566558;longitude:-75.57765368;altitude:1522.8863525390625;accuracy:4.288000106811523;vertical_accuracy:6.0;bearing:7.900000095367432;speed:21.360000610351562;elapsedMs:5;provider:gps;(2020, 12, 13, 13, 58)
latitude:6.21607392;longitude:-75.57757466;altitude:1513.948974609375;accuracy:5.360000133514404;vertical_accuracy:8.0;bearing:7.900000095367432;speed:22.450000762939453;elapsedMs:15;provider:gps;(2020, 12, 13, 13, 58)
latitude:6.21649106;longitude:-75.57751178;altitude:1515.75146484375;accuracy:5.360000133514404;vertical_accuracy:6.0;bearing:8.600000381469727;speed:22.15999984741211;elapsedMs:11;provider:gps;(2020, 12, 13, 13, 58)
latitude:6.21687803;longitude:-75.57745715;altitude:1514.56982421875;accuracy:4.288000106811523;vertical_accuracy:6.0;bearing:8.0;speed:22.25;elapsedMs:12;provider:gps;(2020, 12, 13, 13, 58)
latitude:6.21728503;longitude:-75.57738867;altitude:1513.744384765625;accuracy:4.288000106811523;vertical_accuracy:6.0;bearing:7.300000190734863;speed:22.15999984741211;elapsedMs:24;provider:gps;(2020, 12, 13, 13, 58)
latitude:6.21770436;longitude:-75.57733183;altitude:1511.4052734375;accuracy:4.288000106811523;vertical_accuracy:6.0;bearing:8.300000190734863;speed:22.3799991607666;elapsedMs:13;provider:gps;(2020, 12, 13, 13, 58)
latitude:6.21810488;longitude:-75.57727331;altitude:1507.94189453125;accuracy:4.288000106811523;vertical_accuracy:6.0;bearing:8.199999809265137;speed:22.34000015258789;elapsedMs:7;provider:gps;(2020, 12, 13, 13, 58)
latitude:6.21851623;longitude:-75.57722162;altitude:1505.717041015625;accuracy:6.432000160217285;vertical_accuracy:6.0;bearing:7.5;speed:22.440000534057617;elapsedMs:17;provider:gps;(2020, 12, 13, 13, 58)
latitude:6.21891813;longitude:-75.5771904;altitude:1505.3602294921875;accuracy:6.432000160217285;vertical_accuracy:6.0;bearing:7.300000190734863;speed:22.25;elapsedMs:7;provider:gps;(2020, 12, 13, 13, 58)
latitude:6.21927763;longitude:-75.57713695;altitude:1501.27880859375;accuracy:5.360000133514404;vertical_accuracy:6.0;bearing:7.300000190734863;speed:22.600000381469727;elapsedMs:19;provider:gps;(2020, 12, 13, 13, 58)
latitude:6.21968124;longitude:-75.57707062;altitude:1499.2578125;accuracy:5.360000133514404;vertical_accuracy:6.0;bearing:7.699999809265137;speed:22.43000030517578;elapsedMs:20;provider:gps;(2020, 12, 13, 13, 58)
latitude:6.22009654;longitude:-75.57699539;altitude:1499.0439453125;accuracy:5.360000133514404;vertical_accuracy:6.0;bearing:7.400000095367432;speed:22.719999313354492;elapsedMs:9;provider:gps;(2020, 12, 13, 13, 58)
latitude:6.22048688;longitude:-75.57693889;altitude:1504.0875244140625;accuracy:6.432000160217285;vertical_accuracy:6.0;bearing:8.300000190734863;speed:22.860000610351562;elapsedMs:8;provider:gps;(2020, 12, 13, 13, 58)
latitude:6.22089347;longitude:-75.57685517;altitude:1502.834228515625;accuracy:5.360000133514404;vertical_accuracy:6.0;bearing:7.900000095367432;speed:22.809999465942383;elapsedMs:23;provider:gps;(2020, 12, 13, 13, 58)
latitude:6.22131633;longitude:-75.57680385;altitude:1503.13427734375;accuracy:5.360000133514404;vertical_accuracy:6.0;bearing:7.800000190734863;speed:22.780000686645508;elapsedMs:6;provider:gps;(2020, 12, 13, 13, 58)
latitude:6.22173528;longitude:-75.57677111;altitude:1501.6978759765625;accuracy:6.432000160217285;vertical_accuracy:6.0;bearing:8.0;speed:22.200000762939453;elapsedMs:20;provider:gps;(2020, 12, 13, 13, 58)
latitude:6.22212446;longitude:-75.57670749;altitude:1501.80126953125;accuracy:6.432000160217285;vertical_accuracy:6.0;bearing:9.199999809265137;speed:21.739999771118164;elapsedMs:13;provider:gps;(2020, 12, 13, 13, 58)
latitude:6.22251551;longitude:-75.57661348;altitude:1501.75244140625;accuracy:5.360000133514404;vertical_accuracy:6.0;bearing:8.0;speed:21.84000015258789;elapsedMs:14;provider:gps;(2020, 12, 13, 13, 59)
latitude:6.22289059;longitude:-75.5765728;altitude:1502.242431640625;accuracy:5.360000133514404;vertical_accuracy:6.0;bearing:7.0;speed:21.549999237060547;elapsedMs:21;provider:gps;(2020, 12, 13, 13, 59)
latitude:6.22328323;longitude:-75.57650122;altitude:1498.0487060546875;accuracy:5.360000133514404;vertical_accuracy:6.0;bearing:8.899999618530273;speed:21.209999084472656;elapsedMs:14;provider:gps;(2020, 12, 13, 13, 59)
latitude:6.22365242;longitude:-75.57644713;altitude:1497.9461669921875;accuracy:5.360000133514404;vertical_accuracy:6.0;bearing:8.300000190734863;speed:20.510000228881836;elapsedMs:4;provider:gps;(2020, 12, 13, 13, 59)
latitude:6.2240303;longitude:-75.57644796;altitude:1501.305908203125;accuracy:5.360000133514404;vertical_accuracy:6.0;bearing:6.699999809265137;speed:20.270000457763672;elapsedMs:11;provider:gps;(2020, 12, 13, 13, 59)
latitude:6.22439389;longitude:-75.5763998;altitude:1501.2342529296875;accuracy:6.432000160217285;vertical_accuracy:6.0;bearing:7.599999904632568;speed:20.18000030517578;elapsedMs:8;provider:gps;(2020, 12, 13, 13, 59)
latitude:6.22475115;longitude:-75.57637362;altitude:1503.051513671875;accuracy:6.432000160217285;vertical_accuracy:6.0;bearing:7.599999904632568;speed:20.31999969482422;elapsedMs:12;provider:gps;(2020, 12, 13, 13, 59)
latitude:6.2250822;longitude:-75.57626262;altitude:1500.821044921875;accuracy:6.432000160217285;vertical_accuracy:8.0;bearing:9.5;speed:19.969999313354492;elapsedMs:11;provider:gps;(2020, 12, 13, 13, 59)
latitude:6.22544594;longitude:-75.57623457;altitude:1499.0164794921875;accuracy:6.432000160217285;vertical_accuracy:8.0;bearing:7.699999809265137;speed:20.040000915527344;elapsedMs:21;provider:gps;(2020, 12, 13, 13, 59)
latitude:6.22878941;longitude:-75.57582545;altitude:1514.9649658203125;accuracy:15.008000373840332;vertical_accuracy:24.0;bearing:5.900000095367432;speed:13.270000457763672;elapsedMs:12;provider:gps;(2020, 12, 13, 13, 59)
latitude:6.22941;longitude:-75.57573959;altitude:1515.1739501953125;accuracy:9.648000717163086;vertical_accuracy:16.0;bearing:11.300000190734863;speed:9.359999656677246;elapsedMs:13;provider:gps;(2020, 12, 13, 13, 59)
latitude:6.22963951;longitude:-75.57569571;altitude:1515.577392578125;accuracy:9.648000717163086;vertical_accuracy:16.0;bearing:10.800000190734863;speed:8.34000015258789;elapsedMs:15;provider:gps;(2020, 12, 13, 13, 59)
latitude:6.22976726;longitude:-75.57567215;altitude:1515.618408203125;accuracy:9.648000717163086;vertical_accuracy:12.0;bearing:10.699999809265137;speed:7.190000057220459;elapsedMs:16;provider:gps;(2020, 12, 13, 13, 59)
latitude:6.22992632;longitude:-75.57565389;altitude:1514.906982421875;accuracy:8.576000213623047;vertical_accuracy:8.0;bearing:9.899999618530273;speed:3.75;elapsedMs:14;provider:gps;(2020, 12, 13, 13, 59)
latitude:6.22999311;longitude:-75.57564231;altitude:1514.9735107421875;accuracy:8.576000213623047;vertical_accuracy:8.0;bearing:9.899999618530273;speed:3.740000009536743;elapsedMs:16;provider:gps;(2020, 12, 13, 13, 59)
latitude:6.23000059;longitude:-75.57565786;altitude:1517.02197265625;accuracy:6.432000160217285;vertical_accuracy:6.0;bearing:344.20001220703125;speed:1.5700000524520874;elapsedMs:7;provider:gps;(2020, 12, 13, 13, 59)
latitude:6.22998303;longitude:-75.57560112;altitude:1512.997314453125;accuracy:6.432000160217285;vertical_accuracy:6.0;bearing:286.1000061035156;speed:1.2799999713897705;elapsedMs:14;provider:gps;(2020, 12, 13, 13, 59)
latitude:6.22995429;longitude:-75.57562578;altitude:1511.2235107421875;accuracy:7.504000186920166;vertical_accuracy:6.0;bearing:279.29998779296875;speed:0.5400000214576721;elapsedMs:17;provider:gps;(2020, 12, 13, 13, 59)
latitude:6.22993927;longitude:-75.5756393;altitude:1511.721435546875;accuracy:6.432000160217285;vertical_accuracy:6.0;bearing:285.3999938964844;speed:0.20999999344348907;elapsedMs:15;provider:gps;(2020, 12, 13, 13, 59)
latitude:6.22992982;longitude:-75.57564737;altitude:1512.21533203125;accuracy:7.504000186920166;vertical_accuracy:6.0;bearing:0.0;speed:0.0;elapsedMs:19;provider:gps;(2020, 12, 13, 13, 59)
latitude:6.22992713;longitude:-75.57564043;altitude:1510.19189453125;accuracy:7.504000186920166;vertical_accuracy:6.0;bearing:0.0;speed:0.0;elapsedMs:12;provider:gps;(2020, 12, 13, 13, 59)
latitude:6.22992741;longitude:-75.57563402;altitude:1510.3817138671875;accuracy:7.504000186920166;vertical_accuracy:6.0;bearing:0.0;speed:0.0;elapsedMs:13;provider:gps;(2020, 12, 13, 14, 0)
latitude:6.22993339;longitude:-75.57563655;altitude:1509.1365966796875;accuracy:7.504000186920166;vertical_accuracy:6.0;bearing:0.0;speed:0.0;elapsedMs:16;provider:gps;(2020, 12, 13, 14, 0)
latitude:6.22993832;longitude:-75.5756421;altitude:1509.1602783203125;accuracy:7.504000186920166;vertical_accuracy:8.0;bearing:0.0;speed:0.0;elapsedMs:15;provider:gps;(2020, 12, 13, 14, 0)
latitude:6.2299397;longitude:-75.57564465;altitude:1509.1270751953125;accuracy:9.648000717163086;vertical_accuracy:8.0;bearing:0.0;speed:0.0;elapsedMs:5;provider:gps;(2020, 12, 13, 14, 0)
latitude:6.22994048;longitude:-75.57564863;altitude:1509.1717529296875;accuracy:9.648000717163086;vertical_accuracy:8.0;bearing:0.0;speed:0.0;elapsedMs:4;provider:gps;(2020, 12, 13, 14, 0)
latitude:6.22994067;longitude:-75.5756498;altitude:1509.185791015625;accuracy:9.648000717163086;vertical_accuracy:8.0;bearing:0.0;speed:0.0;elapsedMs:6;provider:gps;(2020, 12, 13, 14, 0)
latitude:6.22994078;longitude:-75.57565017;altitude:1509.204833984375;accuracy:9.648000717163086;vertical_accuracy:8.0;bearing:0.0;speed:0.0;elapsedMs:7;provider:gps;(2020, 12, 13, 14, 0)
latitude:6.22994082;longitude:-75.57565029;altitude:1509.204833984375;accuracy:8.576000213623047;vertical_accuracy:6.0;bearing:0.0;speed:0.0;elapsedMs:7;provider:gps;(2020, 12, 13, 14, 0)
latitude:6.22994085;longitude:-75.57565039;altitude:1509.2186279296875;accuracy:9.648000717163086;vertical_accuracy:6.0;bearing:0.0;speed:0.0;elapsedMs:13;provider:gps;(2020, 12, 13, 14, 0)
latitude:6.22994087;longitude:-75.57565045;altitude:1509.2186279296875;accuracy:9.648000717163086;vertical_accuracy:6.0;bearing:0.0;speed:0.0;elapsedMs:14;provider:gps;(2020, 12, 13, 14, 0)
latitude:6.22994087;longitude:-75.5756505;altitude:1509.21728515625;accuracy:7.504000186920166;vertical_accuracy:6.0;bearing:0.0;speed:0.0;elapsedMs:8;provider:gps;(2020, 12, 13, 14, 0)
latitude:6.22994087;longitude:-75.57565052;altitude:1509.21728515625;accuracy:7.504000186920166;vertical_accuracy:4.0;bearing:0.0;speed:0.0;elapsedMs:12;provider:gps;(2020, 12, 13, 14, 0)
latitude:6.22994086;longitude:-75.57565054;altitude:1509.2132568359375;accuracy:7.504000186920166;vertical_accuracy:6.0;bearing:0.0;speed:0.0;elapsedMs:4;provider:gps;(2020, 12, 13, 14, 0)
latitude:6.22994089;longitude:-75.57565052;altitude:1509.22412109375;accuracy:7.504000186920166;vertical_accuracy:6.0;bearing:0.0;speed:0.0;elapsedMs:11;provider:gps;(2020, 12, 13, 14, 0)
latitude:6.22994109;longitude:-75.57565063;altitude:1509.2823486328125;accuracy:6.432000160217285;vertical_accuracy:4.0;bearing:0.0;speed:0.0;elapsedMs:22;provider:gps;(2020, 12, 13, 14, 0)
latitude:6.23010225;longitude:-75.57561792;altitude:1508.9366455078125;accuracy:6.432000160217285;vertical_accuracy:4.0;bearing:9.300000190734863;speed:5.949999809265137;elapsedMs:13;provider:gps;(2020, 12, 13, 14, 0)
latitude:6.23026793;longitude:-75.57555848;altitude:1510.99560546875;accuracy:4.288000106811523;vertical_accuracy:4.0;bearing:8.100000381469727;speed:7.28000020980835;elapsedMs:9;provider:gps;(2020, 12, 13, 14, 0)
latitude:6.23044713;longitude:-75.57555031;altitude:1510.6080322265625;accuracy:4.288000106811523;vertical_accuracy:4.0;bearing:6.300000190734863;speed:9.270000457763672;elapsedMs:10;provider:gps;(2020, 12, 13, 14, 0)
latitude:6.23061369;longitude:-75.57553179;altitude:1510.596435546875;accuracy:5.360000133514404;vertical_accuracy:4.0;bearing:6.300000190734863;speed:9.260000228881836;elapsedMs:18;provider:gps;(2020, 12, 13, 14, 0)
latitude:6.23082987;longitude:-75.57554248;altitude:1511.0596923828125;accuracy:5.360000133514404;vertical_accuracy:4.0;bearing:9.199999809265137;speed:10.15999984741211;elapsedMs:7;provider:gps;(2020, 12, 13, 14, 0)
latitude:6.23101761;longitude:-75.57548009;altitude:1506.183837890625;accuracy:8.576000213623047;vertical_accuracy:8.0;bearing:7.599999904632568;speed:13.680000305175781;elapsedMs:11;provider:gps;(2020, 12, 13, 14, 0)
latitude:6.23157011;longitude:-75.57541483;altitude:1517.0531005859375;accuracy:11.791999816894531;vertical_accuracy:12.0;bearing:8.399999618530273;speed:15.539999961853027;elapsedMs:9;provider:gps;(2020, 12, 13, 14, 0)
latitude:6.23190895;longitude:-75.57541004;altitude:1519.9564208984375;accuracy:6.432000160217285;vertical_accuracy:8.0;bearing:8.199999809265137;speed:16.5;elapsedMs:9;provider:gps;(2020, 12, 13, 14, 0)
latitude:6.23220366;longitude:-75.57534336;altitude:1520.4017333984375;accuracy:5.360000133514404;vertical_accuracy:8.0;bearing:12.0;speed:16.549999237060547;elapsedMs:6;provider:gps;(2020, 12, 13, 14, 0)
latitude:6.23253877;longitude:-75.57528753;altitude:1512.8416748046875;accuracy:4.288000106811523;vertical_accuracy:6.0;bearing:9.399999618530273;speed:17.3700008392334;elapsedMs:11;provider:gps;(2020, 12, 13, 14, 0)
latitude:6.23286527;longitude:-75.5751968;altitude:1509.5599365234375;accuracy:4.288000106811523;vertical_accuracy:6.0;bearing:12.399999618530273;speed:17.760000228881836;elapsedMs:20;provider:gps;(2020, 12, 13, 14, 0)
latitude:6.23319102;longitude:-75.57513736;altitude:1510.6705322265625;accuracy:4.288000106811523;vertical_accuracy:6.0;bearing:15.100000381469727;speed:18.15999984741211;elapsedMs:6;provider:gps;(2020, 12, 13, 14, 0)
latitude:6.23351801;longitude:-75.57502148;altitude:1509.9561767578125;accuracy:4.288000106811523;vertical_accuracy:4.0;bearing:17.600000381469727;speed:18.780000686645508;elapsedMs:2;provider:gps;(2020, 12, 13, 14, 0)
latitude:6.23384758;longitude:-75.57489147;altitude:1508.6455078125;accuracy:4.288000106811523;vertical_accuracy:6.0;bearing:20.200000762939453;speed:19.209999084472656;elapsedMs:12;provider:gps;(2020, 12, 13, 14, 1)
latitude:6.23419302;longitude:-75.5747538;altitude:1511.4481201171875;accuracy:4.288000106811523;vertical_accuracy:6.0;bearing:21.600000381469727;speed:20.06999969482422;elapsedMs:17;provider:gps;(2020, 12, 13, 14, 1)
latitude:6.23454679;longitude:-75.57463133;altitude:1510.7640380859375;accuracy:5.360000133514404;vertical_accuracy:6.0;bearing:20.600000381469727;speed:20.549999237060547;elapsedMs:8;provider:gps;(2020, 12, 13, 14, 1)
latitude:6.23491857;longitude:-75.57449449;altitude:1510.5472412109375;accuracy:5.360000133514404;vertical_accuracy:6.0;bearing:19.700000762939453;speed:21.200000762939453;elapsedMs:19;provider:gps;(2020, 12, 13, 14, 1)
latitude:6.23528536;longitude:-75.57434519;altitude:1517.1524658203125;accuracy:6.432000160217285;vertical_accuracy:6.0;bearing:21.799999237060547;speed:21.690000534057617;elapsedMs:21;provider:gps;(2020, 12, 13, 14, 1)
latitude:6.23561261;longitude:-75.57422553;altitude:1516.0711669921875;accuracy:6.432000160217285;vertical_accuracy:6.0;bearing:21.600000381469727;speed:20.3799991607666;elapsedMs:14;provider:gps;(2020, 12, 13, 14, 1)
latitude:6.23594385;longitude:-75.57408033;altitude:1514.193115234375;accuracy:7.504000186920166;vertical_accuracy:8.0;bearing:24.0;speed:19.729999542236328;elapsedMs:15;provider:gps;(2020, 12, 13, 14, 1)
latitude:6.23622866;longitude:-75.57394778;altitude:1514.0318603515625;accuracy:8.576000213623047;vertical_accuracy:8.0;bearing:25.299999237060547;speed:17.940000534057617;elapsedMs:16;provider:gps;(2020, 12, 13, 14, 1)
latitude:6.23650072;longitude:-75.57385342;altitude:1514.66748046875;accuracy:8.576000213623047;vertical_accuracy:8.0;bearing:20.0;speed:16.280000686645508;elapsedMs:17;provider:gps;(2020, 12, 13, 14, 1)
latitude:6.23673107;longitude:-75.57376755;altitude:1515.484130859375;accuracy:6.432000160217285;vertical_accuracy:6.0;bearing:20.299999237060547;speed:14.40999984741211;elapsedMs:13;provider:gps;(2020, 12, 13, 14, 1)
latitude:6.23692276;longitude:-75.57369559;altitude:1515.611328125;accuracy:6.432000160217285;vertical_accuracy:6.0;bearing:19.299999237060547;speed:12.760000228881836;elapsedMs:11;provider:gps;(2020, 12, 13, 14, 1)
latitude:6.23714721;longitude:-75.57362035;altitude:1513.231689453125;accuracy:7.504000186920166;vertical_accuracy:8.0;bearing:21.100000381469727;speed:11.84000015258789;elapsedMs:13;provider:gps;(2020, 12, 13, 14, 1)
latitude:6.23732206;longitude:-75.57355258;altitude:1510.592529296875;accuracy:7.504000186920166;vertical_accuracy:8.0;bearing:23.399999618530273;speed:11.220000267028809;elapsedMs:5;provider:gps;(2020, 12, 13, 14, 1)
latitude:6.23753107;longitude:-75.57347038;altitude:1510.9459228515625;accuracy:7.504000186920166;vertical_accuracy:8.0;bearing:22.399999618530273;speed:11.039999961853027;elapsedMs:7;provider:gps;(2020, 12, 13, 14, 1)
latitude:6.23771501;longitude:-75.57338753;altitude:1515.3670654296875;accuracy:7.504000186920166;vertical_accuracy:8.0;bearing:21.899999618530273;speed:9.520000457763672;elapsedMs:6;provider:gps;(2020, 12, 13, 14, 1)
latitude:6.23798287;longitude:-75.57329464;altitude:1515.511474609375;accuracy:6.432000160217285;vertical_accuracy:6.0;bearing:23.100000381469727;speed:7.190000057220459;elapsedMs:10;provider:gps;(2020, 12, 13, 14, 1)
latitude:6.23810246;longitude:-75.57324371;altitude:1515.461181640625;accuracy:6.432000160217285;vertical_accuracy:4.0;bearing:23.100000381469727;speed:7.179999828338623;elapsedMs:6;provider:gps;(2020, 12, 13, 14, 1)
latitude:6.23829244;longitude:-75.57314773;altitude:1515.628662109375;accuracy:5.360000133514404;vertical_accuracy:3.0;bearing:26.200000762939453;speed:7.730000019073486;elapsedMs:5;provider:gps;(2020, 12, 13, 14, 1)
latitude:6.23837324;longitude:-75.57312671;altitude:1515.6009521484375;accuracy:5.360000133514404;vertical_accuracy:3.0;bearing:20.5;speed:5.860000133514404;elapsedMs:5;provider:gps;(2020, 12, 13, 14, 1)
latitude:6.23835463;longitude:-75.57315794;altitude:1515.2152099609375;accuracy:5.360000133514404;vertical_accuracy:3.0;bearing:351.20001220703125;speed:1.399999976158142;elapsedMs:6;provider:gps;(2020, 12, 13, 14, 1)
latitude:6.23837905;longitude:-75.57314681;altitude:1514.9879150390625;accuracy:5.360000133514404;vertical_accuracy:3.0;bearing:12.600000381469727;speed:1.1100000143051147;elapsedMs:18;provider:gps;(2020, 12, 13, 14, 1)
latitude:6.23840775;longitude:-75.57313893;altitude:1514.47412109375;accuracy:4.288000106811523;vertical_accuracy:3.0;bearing:22.299999237060547;speed:0.5899999737739563;elapsedMs:20;provider:gps;(2020, 12, 13, 14, 1)
latitude:6.23841771;longitude:-75.5731349;altitude:1514.4111328125;accuracy:4.288000106811523;vertical_accuracy:3.0;bearing:22.200000762939453;speed:0.5899999737739563;elapsedMs:12;provider:gps;(2020, 12, 13, 14, 1)
latitude:6.23845768;longitude:-75.57314379;altitude:1515.2484130859375;accuracy:9.648000717163086;vertical_accuracy:6.0;bearing:8.100000381469727;speed:1.2799999713897705;elapsedMs:10;provider:gps;(2020, 12, 13, 14, 1)
latitude:6.2384754;longitude:-75.57316377;altitude:1514.7667236328125;accuracy:13.93600082397461;vertical_accuracy:8.0;bearing:332.6000061035156;speed:0.15000000596046448;elapsedMs:3;provider:gps;(2020, 12, 13, 14, 1)
latitude:6.23847048;longitude:-75.57316855;altitude:1514.7857666015625;accuracy:11.791999816894531;vertical_accuracy:6.0;bearing:0.0;speed:0.0;elapsedMs:15;provider:gps;(2020, 12, 13, 14, 1)
latitude:6.23848926;longitude:-75.57315102;altitude:1513.610107421875;accuracy:7.504000186920166;vertical_accuracy:12.0;bearing:358.1000061035156;speed:0.47999998927116394;elapsedMs:12;provider:gps;(2020, 12, 13, 14, 2)
latitude:6.23852586;longitude:-75.57311715;altitude:1512.5867919921875;accuracy:6.432000160217285;vertical_accuracy:8.0;bearing:36.400001525878906;speed:0.41999998688697815;elapsedMs:11;provider:gps;(2020, 12, 13, 14, 2)
latitude:6.23854681;longitude:-75.57308328;altitude:1515.9251708984375;accuracy:5.360000133514404;vertical_accuracy:8.0;bearing:115.4000015258789;speed:0.5299999713897705;elapsedMs:10;provider:gps;(2020, 12, 13, 14, 2)
latitude:6.23854563;longitude:-75.57306024;altitude:1518.039306640625;accuracy:7.504000186920166;vertical_accuracy:8.0;bearing:181.1999969482422;speed:1.0800000429153442;elapsedMs:4;provider:gps;(2020, 12, 13, 14, 2)
latitude:6.23853446;longitude:-75.57306049;altitude:1518.2149658203125;accuracy:6.432000160217285;vertical_accuracy:8.0;bearing:231.3000030517578;speed:0.8500000238418579;elapsedMs:19;provider:gps;(2020, 12, 13, 14, 2)
latitude:6.23853879;longitude:-75.57308393;altitude:1520.301513671875;accuracy:8.576000213623047;vertical_accuracy:12.0;bearing:255.5;speed:0.41999998688697815;elapsedMs:12;provider:gps;(2020, 12, 13, 14, 2)
latitude:6.23859026;longitude:-75.5731697;altitude:1511.8009033203125;accuracy:15.008000373840332;vertical_accuracy:12.0;bearing:328.8999938964844;speed:0.44999998807907104;elapsedMs:12;provider:gps;(2020, 12, 13, 14, 2)
latitude:6.2388075;longitude:-75.57317504;altitude:1512.042236328125;accuracy:8.576000213623047;vertical_accuracy:8.0;bearing:21.0;speed:4.900000095367432;elapsedMs:17;provider:gps;(2020, 12, 13, 14, 2)
latitude:6.23897231;longitude:-75.57310082;altitude:1512.66796875;accuracy:6.432000160217285;vertical_accuracy:4.0;bearing:24.200000762939453;speed:5.050000190734863;elapsedMs:15;provider:gps;(2020, 12, 13, 14, 2)
latitude:6.23917571;longitude:-75.5730295;altitude:1516.2659912109375;accuracy:5.360000133514404;vertical_accuracy:4.0;bearing:20.200000762939453;speed:10.289999961853027;elapsedMs:17;provider:gps;(2020, 12, 13, 14, 2)
latitude:6.23940862;longitude:-75.57294917;altitude:1520.2025146484375;accuracy:4.288000106811523;vertical_accuracy:3.0;bearing:19.799999237060547;speed:12.65999984741211;elapsedMs:8;provider:gps;(2020, 12, 13, 14, 2)
latitude:6.23958057;longitude:-75.57278097;altitude:1522.9295654296875;accuracy:3.2160000801086426;vertical_accuracy:6.0;bearing:21.100000381469727;speed:14.069999694824219;elapsedMs:20;provider:gps;(2020, 12, 13, 14, 2)
latitude:6.23982406;longitude:-75.57269311;altitude:1519.8419189453125;accuracy:3.2160000801086426;vertical_accuracy:4.0;bearing:21.0;speed:14.119999885559082;elapsedMs:16;provider:gps;(2020, 12, 13, 14, 2)
latitude:6.2400578;longitude:-75.57259798;altitude:1519.3516845703125;accuracy:3.2160000801086426;vertical_accuracy:6.0;bearing:21.100000381469727;speed:14.520000457763672;elapsedMs:21;provider:gps;(2020, 12, 13, 14, 2)
latitude:6.24032991;longitude:-75.57252863;altitude:1520.969970703125;accuracy:4.288000106811523;vertical_accuracy:6.0;bearing:21.700000762939453;speed:16.110000610351562;elapsedMs:18;provider:gps;(2020, 12, 13, 14, 2)
latitude:6.24060004;longitude:-75.57242558;altitude:1528.770751953125;accuracy:4.288000106811523;vertical_accuracy:6.0;bearing:18.399999618530273;speed:16.649999618530273;elapsedMs:23;provider:gps;(2020, 12, 13, 14, 2)
latitude:6.24088273;longitude:-75.57231675;altitude:1529.60888671875;accuracy:5.360000133514404;vertical_accuracy:8.0;bearing:20.299999237060547;speed:16.360000610351562;elapsedMs:7;provider:gps;(2020, 12, 13, 14, 2)
latitude:6.24116907;longitude:-75.57223434;altitude:1527.10986328125;accuracy:7.504000186920166;vertical_accuracy:12.0;bearing:19.799999237060547;speed:15.5;elapsedMs:6;provider:gps;(2020, 12, 13, 14, 2)
latitude:6.24141006;longitude:-75.5721315;altitude:1527.16015625;accuracy:8.576000213623047;vertical_accuracy:12.0;bearing:23.299999237060547;speed:14.289999961853027;elapsedMs:18;provider:gps;(2020, 12, 13, 14, 2)
latitude:6.24163886;longitude:-75.57204723;altitude:1526.50634765625;accuracy:9.648000717163086;vertical_accuracy:12.0;bearing:20.0;speed:13.579999923706055;elapsedMs:11;provider:gps;(2020, 12, 13, 14, 2)
latitude:6.24195732;longitude:-75.57193498;altitude:1530.585693359375;accuracy:9.648000717163086;vertical_accuracy:12.0;bearing:20.799999237060547;speed:13.039999961853027;elapsedMs:6;provider:gps;(2020, 12, 13, 14, 2)
latitude:6.24219563;longitude:-75.57185432;altitude:1527.7310791015625;accuracy:9.648000717163086;vertical_accuracy:12.0;bearing:19.299999237060547;speed:13.199999809265137;elapsedMs:11;provider:gps;(2020, 12, 13, 14, 2)
latitude:6.24253288;longitude:-75.57171675;altitude:1526.1527099609375;accuracy:10.720000267028809;vertical_accuracy:12.0;bearing:22.0;speed:12.930000305175781;elapsedMs:18;provider:gps;(2020, 12, 13, 14, 2)
latitude:6.24284945;longitude:-75.57159106;altitude:1526.491943359375;accuracy:11.791999816894531;vertical_accuracy:8.0;bearing:22.0;speed:12.770000457763672;elapsedMs:15;provider:gps;(2020, 12, 13, 14, 2)
latitude:6.24321406;longitude:-75.57147047;altitude:1526.17431640625;accuracy:11.791999816894531;vertical_accuracy:8.0;bearing:18.700000762939453;speed:13.869999885559082;elapsedMs:16;provider:gps;(2020, 12, 13, 14, 3)
latitude:6.24358732;longitude:-75.57128565;altitude:1524.784912109375;accuracy:11.791999816894531;vertical_accuracy:8.0;bearing:22.0;speed:14.0600004196167;elapsedMs:12;provider:gps;(2020, 12, 13, 14, 3)
latitude:6.24393535;longitude:-75.57116903;altitude:1525.6402587890625;accuracy:10.720000267028809;vertical_accuracy:8.0;bearing:21.700000762939453;speed:14.289999961853027;elapsedMs:9;provider:gps;(2020, 12, 13, 14, 3)
latitude:6.24413895;longitude:-75.57105181;altitude:1524.248046875;accuracy:9.648000717163086;vertical_accuracy:8.0;bearing:22.899999618530273;speed:14.449999809265137;elapsedMs:9;provider:gps;(2020, 12, 13, 14, 3)
latitude:6.2443684;longitude:-75.57091802;altitude:1524.99462890625;accuracy:8.576000213623047;vertical_accuracy:8.0;bearing:20.700000762939453;speed:13.970000267028809;elapsedMs:15;provider:gps;(2020, 12, 13, 14, 3)
latitude:6.24460944;longitude:-75.57081966;altitude:1525.1025390625;accuracy:8.576000213623047;vertical_accuracy:8.0;bearing:22.600000381469727;speed:14.359999656677246;elapsedMs:11;provider:gps;(2020, 12, 13, 14, 3)
latitude:6.24503635;longitude:-75.57065302;altitude:1524.040283203125;accuracy:10.720000267028809;vertical_accuracy:8.0;bearing:21.5;speed:16.290000915527344;elapsedMs:12;provider:gps;(2020, 12, 13, 14, 3)
latitude:6.24528329;longitude:-75.57051146;altitude:1523.7603759765625;accuracy:5.360000133514404;vertical_accuracy:6.0;bearing:24.200000762939453;speed:16.469999313354492;elapsedMs:10;provider:gps;(2020, 12, 13, 14, 3)
latitude:6.24555513;longitude:-75.57038062;altitude:1522.6041259765625;accuracy:5.360000133514404;vertical_accuracy:6.0;bearing:22.299999237060547;speed:15.640000343322754;elapsedMs:11;provider:gps;(2020, 12, 13, 14, 3)
latitude:6.24579675;longitude:-75.57027532;altitude:1522.9405517578125;accuracy:7.504000186920166;vertical_accuracy:8.0;bearing:23.0;speed:14.550000190734863;elapsedMs:4;provider:gps;(2020, 12, 13, 14, 3)
latitude:6.24602038;longitude:-75.57021395;altitude:1523.4375;accuracy:8.576000213623047;vertical_accuracy:12.0;bearing:16.700000762939453;speed:13.119999885559082;elapsedMs:11;provider:gps;(2020, 12, 13, 14, 3)
latitude:6.24619447;longitude:-75.57014249;altitude:1526.765869140625;accuracy:7.504000186920166;vertical_accuracy:8.0;bearing:24.399999618530273;speed:11.869999885559082;elapsedMs:14;provider:gps;(2020, 12, 13, 14, 3)
latitude:6.24638536;longitude:-75.57006111;altitude:1526.7779541015625;accuracy:6.432000160217285;vertical_accuracy:6.0;bearing:23.299999237060547;speed:11.520000457763672;elapsedMs:15;provider:gps;(2020, 12, 13, 14, 3)
latitude:6.24658849;longitude:-75.57001196;altitude:1529.3936767578125;accuracy:5.360000133514404;vertical_accuracy:6.0;bearing:22.299999237060547;speed:11.029999732971191;elapsedMs:20;provider:gps;(2020, 12, 13, 14, 3)
latitude:6.24677296;longitude:-75.56993628;altitude:1529.433837890625;accuracy:5.360000133514404;vertical_accuracy:6.0;bearing:22.299999237060547;speed:11.020000457763672;elapsedMs:17;provider:gps;(2020, 12, 13, 14, 3)
latitude:6.24695724;longitude:-75.56986069;altitude:1529.451904296875;accuracy:9.648000717163086;vertical_accuracy:6.0;bearing:22.299999237060547;speed:11.020000457763672;elapsedMs:18;provider:gps;(2020, 12, 13, 14, 3)
latitude:6.24716186;longitude:-75.56972005;altitude:1529.7274169921875;accuracy:11.791999816894531;vertical_accuracy:6.0;bearing:30.100000381469727;speed:7.989999771118164;elapsedMs:16;provider:gps;(2020, 12, 13, 14, 3)
latitude:6.24766019;longitude:-75.569434;altitude:1529.6138916015625;accuracy:43.95199966430664;vertical_accuracy:12.0;bearing:29.899999618530273;speed:7.940000057220459;elapsedMs:13;provider:gps;(2020, 12, 13, 14, 3)
latitude:6.24741823;longitude:-75.5697528;altitude:1532.44775390625;accuracy:58.96000289916992;vertical_accuracy:16.0;bearing:126.19999694824219;speed:1.7000000476837158;elapsedMs:17;provider:gps;(2020, 12, 13, 14, 3)
latitude:6.24750099;longitude:-75.56968533;altitude:1532.1971435546875;accuracy:38.592002868652344;vertical_accuracy:12.0;bearing:71.80000305175781;speed:0.6899999976158142;elapsedMs:18;provider:gps;(2020, 12, 13, 14, 4)
latitude:6.24753654;longitude:-75.56965621;altitude:1533.1962890625;accuracy:31.088001251220703;vertical_accuracy:16.0;bearing:60.0;speed:0.41999998688697815;elapsedMs:23;provider:gps;(2020, 12, 13, 14, 4)
latitude:6.24747089;longitude:-75.56962105;altitude:1533.49365234375;accuracy:46.09600067138672;vertical_accuracy:24.0;bearing:187.3000030517578;speed:1.1799999475479126;elapsedMs:9;provider:gps;(2020, 12, 13, 14, 4)
latitude:6.24732129;longitude:-75.569841;altitude:1532.889892578125;accuracy:45.02400207519531;vertical_accuracy:32.0;bearing:0.0;speed:0.0;elapsedMs:7;provider:gps;(2020, 12, 13, 14, 4)
latitude:6.24729321;longitude:-75.5698074;altitude:1533.225830078125;accuracy:25.72800064086914;vertical_accuracy:24.0;bearing:180.89999389648438;speed:0.7799999713897705;elapsedMs:16;provider:gps;(2020, 12, 13, 14, 4)
latitude:6.2473251;longitude:-75.56977353;altitude:1532.1474609375;accuracy:26.80000114440918;vertical_accuracy:24.0;bearing:153.6999969482422;speed:0.5099999904632568;elapsedMs:8;provider:gps;(2020, 12, 13, 14, 4)
latitude:6.24740475;longitude:-75.56971594;altitude:1532.0556640625;accuracy:22.512001037597656;vertical_accuracy:24.0;bearing:0.0;speed:0.0;elapsedMs:7;provider:gps;(2020, 12, 13, 14, 4)
latitude:6.24741455;longitude:-75.56971224;altitude:1531.0269775390625;accuracy:24.6560001373291;vertical_accuracy:24.0;bearing:0.0;speed:0.0;elapsedMs:10;provider:gps;(2020, 12, 13, 14, 4)
latitude:6.24741342;longitude:-75.56970625;altitude:1532.135498046875;accuracy:27.87200164794922;vertical_accuracy:24.0;bearing:0.0;speed:0.0;elapsedMs:13;provider:gps;(2020, 12, 13, 14, 4)
latitude:6.24741302;longitude:-75.56970203;altitude:1531.366943359375;accuracy:53.60000228881836;vertical_accuracy:48.0;bearing:0.0;speed:0.0;elapsedMs:15;provider:gps;(2020, 12, 13, 14, 5)
latitude:6.24741083;longitude:-75.56970216;altitude:1531.041259765625;accuracy:33.23200225830078;vertical_accuracy:32.0;bearing:0.0;speed:0.0;elapsedMs:10;provider:gps;(2020, 12, 13, 14, 5)
latitude:6.24743907;longitude:-75.569686;altitude:1528.4652099609375;accuracy:11.791999816894531;vertical_accuracy:24.0;bearing:26.200000762939453;speed:4.820000171661377;elapsedMs:13;provider:gps;(2020, 12, 13, 14, 5)
latitude:6.247608;longitude:-75.56960758;altitude:1527.6075439453125;accuracy:9.648000717163086;vertical_accuracy:24.0;bearing:15.699999809265137;speed:6.630000114440918;elapsedMs:20;provider:gps;(2020, 12, 13, 14, 5)
latitude:6.24775451;longitude:-75.56955349;altitude:1527.5814208984375;accuracy:8.576000213623047;vertical_accuracy:16.0;bearing:18.100000381469727;speed:8.479999542236328;elapsedMs:3;provider:gps;(2020, 12, 13, 14, 5)
latitude:6.24794022;longitude:-75.56947997;altitude:1528.3310546875;accuracy:5.360000133514404;vertical_accuracy:8.0;bearing:22.5;speed:11.59000015258789;elapsedMs:18;provider:gps;(2020, 12, 13, 14, 5)
latitude:6.24817924;longitude:-75.56938054;altitude:1519.6650390625;accuracy:5.360000133514404;vertical_accuracy:8.0;bearing:24.0;speed:13.239999771118164;elapsedMs:13;provider:gps;(2020, 12, 13, 14, 5)
latitude:6.24839928;longitude:-75.56930194;altitude:1523.0655517578125;accuracy:6.432000160217285;vertical_accuracy:12.0;bearing:24.799999237060547;speed:13.670000076293945;elapsedMs:20;provider:gps;(2020, 12, 13, 14, 5)
latitude:6.24860342;longitude:-75.56918609;altitude:1520.7952880859375;accuracy:7.504000186920166;vertical_accuracy:12.0;bearing:29.100000381469727;speed:13.069999694824219;elapsedMs:16;provider:gps;(2020, 12, 13, 14, 5)
latitude:6.24883025;longitude:-75.56904391;altitude:1524.7933349609375;accuracy:6.432000160217285;vertical_accuracy:8.0;bearing:31.5;speed:14.510000228881836;elapsedMs:19;provider:gps;(2020, 12, 13, 14, 5)
latitude:6.24905022;longitude:-75.56893327;altitude:1528.624267578125;accuracy:4.288000106811523;vertical_accuracy:8.0;bearing:29.399999618530273;speed:14.119999885559082;elapsedMs:2;provider:gps;(2020, 12, 13, 14, 5)
latitude:6.24927696;longitude:-75.5688222;altitude:1529.55712890625;accuracy:5.360000133514404;vertical_accuracy:8.0;bearing:25.600000381469727;speed:13.579999923706055;elapsedMs:6;provider:gps;(2020, 12, 13, 14, 5)
latitude:6.24949726;longitude:-75.56873287;altitude:1529.792236328125;accuracy:8.576000213623047;vertical_accuracy:8.0;bearing:22.899999618530273;speed:13.119999885559082;elapsedMs:22;provider:gps;(2020, 12, 13, 14, 5)
latitude:6.24981078;longitude:-75.56864722;altitude:1531.0167236328125;accuracy:10.720000267028809;vertical_accuracy:12.0;bearing:17.700000762939453;speed:11.739999771118164;elapsedMs:5;provider:gps;(2020, 12, 13, 14, 5)
latitude:6.25006848;longitude:-75.56851639;altitude:1530.16162109375;accuracy:11.791999816894531;vertical_accuracy:12.0;bearing:23.799999237060547;speed:9.59000015258789;elapsedMs:15;provider:gps;(2020, 12, 13, 14, 5)
latitude:6.25025588;longitude:-75.56839465;altitude:1528.8326416015625;accuracy:8.576000213623047;vertical_accuracy:8.0;bearing:25.700000762939453;speed:7.71999979019165;elapsedMs:16;provider:gps;(2020, 12, 13, 14, 5)
latitude:6.25036389;longitude:-75.5683472;altitude:1526.356201171875;accuracy:6.432000160217285;vertical_accuracy:8.0;bearing:19.299999237060547;speed:5.650000095367432;elapsedMs:10;provider:gps;(2020, 12, 13, 14, 5)
latitude:6.2504442;longitude:-75.56834409;altitude:1525.3143310546875;accuracy:6.432000160217285;vertical_accuracy:8.0;bearing:17.100000381469727;speed:3.2699999809265137;elapsedMs:3;provider:gps;(2020, 12, 13, 14, 5)
latitude:6.25051438;longitude:-75.56832373;altitude:1526.9173583984375;accuracy:6.432000160217285;vertical_accuracy:8.0;bearing:29.5;speed:2.4800000190734863;elapsedMs:23;provider:gps;(2020, 12, 13, 14, 5)
latitude:6.25054027;longitude:-75.56829145;altitude:1524.802978515625;accuracy:6.432000160217285;vertical_accuracy:8.0;bearing:26.0;speed:1.340000033378601;elapsedMs:15;provider:gps;(2020, 12, 13, 14, 5)
latitude:6.25055147;longitude:-75.56829064;altitude:1524.8502197265625;accuracy:6.432000160217285;vertical_accuracy:6.0;bearing:30.5;speed:0.9300000071525574;elapsedMs:6;provider:gps;(2020, 12, 13, 14, 5)
latitude:6.25057099;longitude:-75.56829963;altitude:1524.2894287109375;accuracy:5.360000133514404;vertical_accuracy:8.0;bearing:341.20001220703125;speed:0.30000001192092896;elapsedMs:9;provider:gps;(2020, 12, 13, 14, 5)
latitude:6.2505776;longitude:-75.56830327;altitude:1523.73583984375;accuracy:6.432000160217285;vertical_accuracy:12.0;bearing:0.0;speed:0.0;elapsedMs:34;provider:gps;(2020, 12, 13, 14, 5)
latitude:6.25057717;longitude:-75.56830892;altitude:1524.177490234375;accuracy:7.504000186920166;vertical_accuracy:12.0;bearing:0.0;speed:0.0;elapsedMs:16;provider:gps;(2020, 12, 13, 14, 5)
latitude:6.2505746;longitude:-75.56830552;altitude:1524.418701171875;accuracy:7.504000186920166;vertical_accuracy:12.0;bearing:0.0;speed:0.0;elapsedMs:19;provider:gps;(2020, 12, 13, 14, 5)
latitude:6.25057173;longitude:-75.56829862;altitude:1524.5262451171875;accuracy:6.432000160217285;vertical_accuracy:12.0;bearing:0.0;speed:0.0;elapsedMs:5;provider:gps;(2020, 12, 13, 14, 5)
latitude:6.25057118;longitude:-75.56829362;altitude:1525.4349365234375;accuracy:7.504000186920166;vertical_accuracy:12.0;bearing:0.0;speed:0.0;elapsedMs:17;provider:gps;(2020, 12, 13, 14, 5)
latitude:6.25057164;longitude:-75.56829351;altitude:1525.1800537109375;accuracy:9.648000717163086;vertical_accuracy:16.0;bearing:0.0;speed:0.0;elapsedMs:12;provider:gps;(2020, 12, 13, 14, 6)
latitude:6.25056684;longitude:-75.56830137;altitude:1525.3983154296875;accuracy:10.720000267028809;vertical_accuracy:16.0;bearing:0.0;speed:0.0;elapsedMs:17;provider:gps;(2020, 12, 13, 14, 6)
latitude:6.2505647;longitude:-75.56830727;altitude:1526.39697265625;accuracy:11.791999816894531;vertical_accuracy:16.0;bearing:0.0;speed:0.0;elapsedMs:4;provider:gps;(2020, 12, 13, 14, 6)
latitude:6.2505659;longitude:-75.56830696;altitude:1526.789794921875;accuracy:9.648000717163086;vertical_accuracy:16.0;bearing:0.0;speed:0.0;elapsedMs:15;provider:gps;(2020, 12, 13, 14, 6)
latitude:6.25056636;longitude:-75.56830669;altitude:1526.78466796875;accuracy:8.576000213623047;vertical_accuracy:12.0;bearing:0.0;speed:0.0;elapsedMs:11;provider:gps;(2020, 12, 13, 14, 6)
latitude:6.25056648;longitude:-75.56830664;altitude:1526.78466796875;accuracy:7.504000186920166;vertical_accuracy:12.0;bearing:0.0;speed:0.0;elapsedMs:11;provider:gps;(2020, 12, 13, 14, 6)
latitude:6.25056669;longitude:-75.56830663;altitude:1526.602294921875;accuracy:10.720000267028809;vertical_accuracy:16.0;bearing:0.0;speed:0.0;elapsedMs:15;provider:gps;(2020, 12, 13, 14, 6)
latitude:6.25056674;longitude:-75.5683066;altitude:1526.61865234375;accuracy:9.648000717163086;vertical_accuracy:12.0;bearing:0.0;speed:0.0;elapsedMs:9;provider:gps;(2020, 12, 13, 14, 6)
latitude:6.25056686;longitude:-75.5683067;altitude:1526.6490478515625;accuracy:9.648000717163086;vertical_accuracy:12.0;bearing:0.0;speed:0.0;elapsedMs:13;provider:gps;(2020, 12, 13, 14, 6)
latitude:6.25056704;longitude:-75.56830671;altitude:1526.6363525390625;accuracy:11.791999816894531;vertical_accuracy:12.0;bearing:0.0;speed:0.0;elapsedMs:5;provider:gps;(2020, 12, 13, 14, 6)
latitude:6.25056723;longitude:-75.56830648;altitude:1526.60498046875;accuracy:8.576000213623047;vertical_accuracy:12.0;bearing:0.0;speed:0.0;elapsedMs:15;provider:gps;(2020, 12, 13, 14, 6)
latitude:6.25056736;longitude:-75.5683063;altitude:1526.595947265625;accuracy:8.576000213623047;vertical_accuracy:12.0;bearing:0.0;speed:0.0;elapsedMs:6;provider:gps;(2020, 12, 13, 14, 6)
latitude:6.25056739;longitude:-75.56830611;altitude:1526.5892333984375;accuracy:9.648000717163086;vertical_accuracy:16.0;bearing:0.0;speed:0.0;elapsedMs:5;provider:gps;(2020, 12, 13, 14, 6)
latitude:6.25060577;longitude:-75.5682967;altitude:1524.3382568359375;accuracy:7.504000186920166;vertical_accuracy:12.0;bearing:12.0;speed:3.3499999046325684;elapsedMs:10;provider:gps;(2020, 12, 13, 14, 6)
latitude:6.25069358;longitude:-75.56827607;altitude:1521.794677734375;accuracy:6.432000160217285;vertical_accuracy:12.0;bearing:11.699999809265137;speed:4.409999847412109;elapsedMs:16;provider:gps;(2020, 12, 13, 14, 6)
latitude:6.25082967;longitude:-75.56815941;altitude:1530.5562744140625;accuracy:7.504000186920166;vertical_accuracy:12.0;bearing:17.700000762939453;speed:5.659999847412109;elapsedMs:15;provider:gps;(2020, 12, 13, 14, 6)
latitude:6.25097224;longitude:-75.5680983;altitude:1531.129638671875;accuracy:9.648000717163086;vertical_accuracy:16.0;bearing:24.600000381469727;speed:8.630000114440918;elapsedMs:16;provider:gps;(2020, 12, 13, 14, 6)
latitude:6.25128312;longitude:-75.56797731;altitude:1528.376953125;accuracy:10.720000267028809;vertical_accuracy:16.0;bearing:19.5;speed:11.569999694824219;elapsedMs:5;provider:gps;(2020, 12, 13, 14, 6)
latitude:6.25152744;longitude:-75.56787522;altitude:1529.1337890625;accuracy:8.576000213623047;vertical_accuracy:12.0;bearing:21.200000762939453;speed:13.649999618530273;elapsedMs:15;provider:gps;(2020, 12, 13, 14, 6)
latitude:6.25175295;longitude:-75.56780486;altitude:1529.33935546875;accuracy:7.504000186920166;vertical_accuracy:12.0;bearing:18.100000381469727;speed:13.020000457763672;elapsedMs:22;provider:gps;(2020, 12, 13, 14, 6)
latitude:6.25199455;longitude:-75.56781872;altitude:1525.3909912109375;accuracy:8.576000213623047;vertical_accuracy:12.0;bearing:8.5;speed:14.260000228881836;elapsedMs:7;provider:gps;(2020, 12, 13, 14, 6)
latitude:6.25232135;longitude:-75.5677283;altitude:1522.5062255859375;accuracy:7.504000186920166;vertical_accuracy:12.0;bearing:5.199999809265137;speed:14.800000190734863;elapsedMs:28;provider:gps;(2020, 12, 13, 14, 6)
latitude:6.25257131;longitude:-75.56772755;altitude:1525.20361328125;accuracy:6.432000160217285;vertical_accuracy:12.0;bearing:4.300000190734863;speed:16.559999465942383;elapsedMs:15;provider:gps;(2020, 12, 13, 14, 6)
latitude:6.25290348;longitude:-75.56769282;altitude:1524.83251953125;accuracy:5.360000133514404;vertical_accuracy:8.0;bearing:6.800000190734863;speed:18.360000610351562;elapsedMs:7;provider:gps;(2020, 12, 13, 14, 6)
latitude:6.2532524;longitude:-75.56762088;altitude:1529.06298828125;accuracy:4.288000106811523;vertical_accuracy:6.0;bearing:14.300000190734863;speed:19.59000015258789;elapsedMs:8;provider:gps;(2020, 12, 13, 14, 6)
latitude:6.25359563;longitude:-75.56753327;altitude:1529.1617431640625;accuracy:7.504000186920166;vertical_accuracy:8.0;bearing:14.300000190734863;speed:19.59000015258789;elapsedMs:19;provider:gps;(2020, 12, 13, 14, 6)
latitude:6.25392754;longitude:-75.56739473;altitude:1529.2784423828125;accuracy:7.504000186920166;vertical_accuracy:6.0;bearing:20.5;speed:19.889999389648438;elapsedMs:14;provider:gps;(2020, 12, 13, 14, 7)
latitude:6.25427849;longitude:-75.56724525;altitude:1525.9539794921875;accuracy:4.288000106811523;vertical_accuracy:6.0;bearing:21.799999237060547;speed:19.1200008392334;elapsedMs:6;provider:gps;(2020, 12, 13, 14, 7)
latitude:6.25457956;longitude:-75.56710072;altitude:1524.4600830078125;accuracy:5.360000133514404;vertical_accuracy:6.0;bearing:21.5;speed:18.200000762939453;elapsedMs:18;provider:gps;(2020, 12, 13, 14, 7)
latitude:6.25486388;longitude:-75.56699035;altitude:1523.1881103515625;accuracy:5.360000133514404;vertical_accuracy:6.0;bearing:21.299999237060547;speed:17.219999313354492;elapsedMs:4;provider:gps;(2020, 12, 13, 14, 7)
latitude:6.2551265;longitude:-75.56689749;altitude:1520.958984375;accuracy:4.288000106811523;vertical_accuracy:6.0;bearing:20.600000381469727;speed:15.65999984741211;elapsedMs:18;provider:gps;(2020, 12, 13, 14, 7)
latitude:6.25536179;longitude:-75.56680428;altitude:1522.556884765625;accuracy:4.288000106811523;vertical_accuracy:6.0;bearing:23.299999237060547;speed:13.869999885559082;elapsedMs:17;provider:gps;(2020, 12, 13, 14, 7)
latitude:6.25557947;longitude:-75.5666964;altitude:1523.89013671875;accuracy:4.288000106811523;vertical_accuracy:6.0;bearing:23.600000381469727;speed:13.210000038146973;elapsedMs:12;provider:gps;(2020, 12, 13, 14, 7)
latitude:6.25579567;longitude:-75.56660885;altitude:1526.078369140625;accuracy:4.288000106811523;vertical_accuracy:6.0;bearing:22.700000762939453;speed:12.729999542236328;elapsedMs:8;provider:gps;(2020, 12, 13, 14, 7)
latitude:6.25602226;longitude:-75.56653368;altitude:1525.25390625;accuracy:4.288000106811523;vertical_accuracy:6.0;bearing:23.700000762939453;speed:11.779999732971191;elapsedMs:13;provider:gps;(2020, 12, 13, 14, 7)
latitude:6.25621893;longitude:-75.56646812;altitude:1525.0745849609375;accuracy:4.288000106811523;vertical_accuracy:6.0;bearing:20.399999618530273;speed:10.649999618530273;elapsedMs:11;provider:gps;(2020, 12, 13, 14, 7)
latitude:6.25638153;longitude:-75.56642022;altitude:1526.099609375;accuracy:4.288000106811523;vertical_accuracy:6.0;bearing:19.100000381469727;speed:9.4399995803833;elapsedMs:1;provider:gps;(2020, 12, 13, 14, 7)
latitude:6.25704265;longitude:-75.56617817;altitude:1519.786865234375;accuracy:11.791999816894531;vertical_accuracy:24.0;bearing:184.60000610351562;speed:0.6200000047683716;elapsedMs:20;provider:gps;(2020, 12, 13, 14, 7)
latitude:6.25700121;longitude:-75.5661518;altitude:1517.6429443359375;accuracy:13.93600082397461;vertical_accuracy:24.0;bearing:26.600000381469727;speed:0.23000000417232513;elapsedMs:6;provider:gps;(2020, 12, 13, 14, 8)
latitude:6.25701213;longitude:-75.56617972;altitude:1531.4344482421875;accuracy:10.720000267028809;vertical_accuracy:16.0;bearing:334.6000061035156;speed:0.33000001311302185;elapsedMs:4;provider:gps;(2020, 12, 13, 14, 8)
latitude:6.25700765;longitude:-75.56615715;altitude:1518.5621337890625;accuracy:10.720000267028809;vertical_accuracy:16.0;bearing:0.0;speed:0.0;elapsedMs:17;provider:gps;(2020, 12, 13, 14, 8)
latitude:6.25700054;longitude:-75.56616862;altitude:1516.45654296875;accuracy:7.504000186920166;vertical_accuracy:12.0;bearing:0.0;speed:0.0;elapsedMs:24;provider:gps;(2020, 12, 13, 14, 8)
latitude:6.25699852;longitude:-75.56617526;altitude:1516.819091796875;accuracy:8.576000213623047;vertical_accuracy:16.0;bearing:0.0;speed:0.0;elapsedMs:23;provider:gps;(2020, 12, 13, 14, 8)
latitude:6.25699976;longitude:-75.56616301;altitude:1517.8590087890625;accuracy:6.432000160217285;vertical_accuracy:12.0;bearing:0.0;speed:0.0;elapsedMs:16;provider:gps;(2020, 12, 13, 14, 8)
latitude:6.2571149;longitude:-75.56610872;altitude:1514.4288330078125;accuracy:7.504000186920166;vertical_accuracy:12.0;bearing:25.200000762939453;speed:5.409999847412109;elapsedMs:4;provider:gps;(2020, 12, 13, 14, 8)
latitude:6.25724647;longitude:-75.56606591;altitude:1514.4241943359375;accuracy:8.576000213623047;vertical_accuracy:16.0;bearing:20.899999618530273;speed:7.420000076293945;elapsedMs:2;provider:gps;(2020, 12, 13, 14, 8)
latitude:6.25741159;longitude:-75.56599249;altitude:1510.405517578125;accuracy:7.504000186920166;vertical_accuracy:12.0;bearing:22.799999237060547;speed:10.420000076293945;elapsedMs:18;provider:gps;(2020, 12, 13, 14, 8)
latitude:6.25762222;longitude:-75.5658416;altitude:1524.396484375;accuracy:4.288000106811523;vertical_accuracy:8.0;bearing:22.799999237060547;speed:12.119999885559082;elapsedMs:7;provider:gps;(2020, 12, 13, 14, 8)
latitude:6.25785524;longitude:-75.56576164;altitude:1520.1195068359375;accuracy:4.288000106811523;vertical_accuracy:8.0;bearing:21.200000762939453;speed:13.930000305175781;elapsedMs:6;provider:gps;(2020, 12, 13, 14, 8)
latitude:6.25809627;longitude:-75.56565167;altitude:1517.476318359375;accuracy:5.360000133514404;vertical_accuracy:8.0;bearing:23.0;speed:14.010000228881836;elapsedMs:23;provider:gps;(2020, 12, 13, 14, 8)
latitude:6.25834149;longitude:-75.5655558;altitude:1514.9273681640625;accuracy:7.504000186920166;vertical_accuracy:8.0;bearing:22.399999618530273;speed:14.90999984741211;elapsedMs:7;provider:gps;(2020, 12, 13, 14, 8)
latitude:6.25861349;longitude:-75.56543713;altitude:1514.7894287109375;accuracy:6.432000160217285;vertical_accuracy:8.0;bearing:24.899999618530273;speed:15.760000228881836;elapsedMs:6;provider:gps;(2020, 12, 13, 14, 8)
latitude:6.25889617;longitude:-75.56530456;altitude:1510.1444091796875;accuracy:7.504000186920166;vertical_accuracy:8.0;bearing:25.200000762939453;speed:17.0;elapsedMs:9;provider:gps;(2020, 12, 13, 14, 8)
latitude:6.25921082;longitude:-75.56513854;altitude:1510.0767822265625;accuracy:5.360000133514404;vertical_accuracy:6.0;bearing:23.600000381469727;speed:19.3700008392334;elapsedMs:18;provider:gps;(2020, 12, 13, 14, 8)
latitude:6.25954288;longitude:-75.56500987;altitude:1510.9267578125;accuracy:4.288000106811523;vertical_accuracy:6.0;bearing:23.899999618530273;speed:20.420000076293945;elapsedMs:8;provider:gps;(2020, 12, 13, 14, 8)
latitude:6.25993834;longitude:-75.56486697;altitude:1509.93798828125;accuracy:4.288000106811523;vertical_accuracy:6.0;bearing:22.899999618530273;speed:21.389999389648438;elapsedMs:9;provider:gps;(2020, 12, 13, 14, 8)
latitude:6.26027236;longitude:-75.56472614;altitude:1512.73828125;accuracy:4.288000106811523;vertical_accuracy:6.0;bearing:22.200000762939453;speed:21.049999237060547;elapsedMs:10;provider:gps;(2020, 12, 13, 14, 8)
latitude:6.26066037;longitude:-75.56455909;altitude:1507.626708984375;accuracy:7.504000186920166;vertical_accuracy:8.0;bearing:21.100000381469727;speed:21.399999618530273;elapsedMs:17;provider:gps;(2020, 12, 13, 14, 8)
latitude:6.26097852;longitude:-75.56442171;altitude:1511.6500244140625;accuracy:7.504000186920166;vertical_accuracy:8.0;bearing:21.700000762939453;speed:19.979999542236328;elapsedMs:20;provider:gps;(2020, 12, 13, 14, 8)
latitude:6.26132408;longitude:-75.56434695;altitude:1516.1776123046875;accuracy:7.504000186920166;vertical_accuracy:8.0;bearing:19.899999618530273;speed:19.479999542236328;elapsedMs:17;provider:gps;(2020, 12, 13, 14, 8)
latitude:6.26160801;longitude:-75.56422508;altitude:1518.0203857421875;accuracy:7.504000186920166;vertical_accuracy:8.0;bearing:21.799999237060547;speed:17.979999542236328;elapsedMs:12;provider:gps;(2020, 12, 13, 14, 8)
latitude:6.26189814;longitude:-75.56412611;altitude:1519.3668212890625;accuracy:6.432000160217285;vertical_accuracy:8.0;bearing:20.200000762939453;speed:17.040000915527344;elapsedMs:14;provider:gps;(2020, 12, 13, 14, 8)
latitude:6.2621387;longitude:-75.56401929;altitude:1520.7994384765625;accuracy:6.432000160217285;vertical_accuracy:6.0;bearing:22.0;speed:15.420000076293945;elapsedMs:12;provider:gps;(2020, 12, 13, 14, 8)
latitude:6.2624075;longitude:-75.56391584;altitude:1520.6611328125;accuracy:6.432000160217285;vertical_accuracy:6.0;bearing:20.399999618530273;speed:14.699999809265137;elapsedMs:23;provider:gps;(2020, 12, 13, 14, 9)
latitude:6.26259393;longitude:-75.56381266;altitude:1516.751708984375;accuracy:6.432000160217285;vertical_accuracy:6.0;bearing:20.899999618530273;speed:13.229999542236328;elapsedMs:7;provider:gps;(2020, 12, 13, 14, 9)
latitude:6.26281024;longitude:-75.56373533;altitude:1514.1893310546875;accuracy:6.432000160217285;vertical_accuracy:8.0;bearing:20.200000762939453;speed:11.6899995803833;elapsedMs:6;provider:gps;(2020, 12, 13, 14, 9)
latitude:6.26298838;longitude:-75.56367506;altitude:1513.3070068359375;accuracy:7.504000186920166;vertical_accuracy:8.0;bearing:21.0;speed:11.4399995803833;elapsedMs:23;provider:gps;(2020, 12, 13, 14, 9)
latitude:6.26319215;longitude:-75.56360718;altitude:1513.238525390625;accuracy:7.504000186920166;vertical_accuracy:8.0;bearing:20.0;speed:11.050000190734863;elapsedMs:4;provider:gps;(2020, 12, 13, 14, 9)
latitude:6.26335517;longitude:-75.56354611;altitude:1513.38232421875;accuracy:8.576000213623047;vertical_accuracy:8.0;bearing:20.799999237060547;speed:9.600000381469727;elapsedMs:20;provider:gps;(2020, 12, 13, 14, 9)
latitude:6.26350552;longitude:-75.56348603;altitude:1514.5718994140625;accuracy:9.648000717163086;vertical_accuracy:8.0;bearing:23.100000381469727;speed:9.109999656677246;elapsedMs:18;provider:gps;(2020, 12, 13, 14, 9)
latitude:6.26364174;longitude:-75.56344492;altitude:1515.0455322265625;accuracy:8.576000213623047;vertical_accuracy:8.0;bearing:18.399999618530273;speed:8.039999961853027;elapsedMs:18;provider:gps;(2020, 12, 13, 14, 9)
latitude:6.26373789;longitude:-75.56343316;altitude:1515.3897705078125;accuracy:7.504000186920166;vertical_accuracy:6.0;bearing:11.600000381469727;speed:5.78000020980835;elapsedMs:9;provider:gps;(2020, 12, 13, 14, 9)
latitude:6.263804;longitude:-75.5634334;altitude:1515.9200439453125;accuracy:7.504000186920166;vertical_accuracy:6.0;bearing:3.700000047683716;speed:3.690000057220459;elapsedMs:16;provider:gps;(2020, 12, 13, 14, 9)
latitude:6.2638407;longitude:-75.56342282;altitude:1516.28271484375;accuracy:6.432000160217285;vertical_accuracy:6.0;bearing:16.0;speed:2.1600000858306885;elapsedMs:13;provider:gps;(2020, 12, 13, 14, 9)
latitude:6.26387171;longitude:-75.56344607;altitude:1519.2706298828125;accuracy:6.432000160217285;vertical_accuracy:6.0;bearing:8.399999618530273;speed:0.5799999833106995;elapsedMs:14;provider:gps;(2020, 12, 13, 14, 9)
latitude:6.26387567;longitude:-75.56343725;altitude:1519.4254150390625;accuracy:8.576000213623047;vertical_accuracy:6.0;bearing:54.79999923706055;speed:0.4099999964237213;elapsedMs:6;provider:gps;(2020, 12, 13, 14, 9)
latitude:6.26388217;longitude:-75.56343701;altitude:1519.804931640625;accuracy:8.576000213623047;vertical_accuracy:6.0;bearing:3.0999999046325684;speed:0.3100000023841858;elapsedMs:18;provider:gps;(2020, 12, 13, 14, 9)
latitude:6.26390376;longitude:-75.56344349;altitude:1523.6881103515625;accuracy:9.648000717163086;vertical_accuracy:8.0;bearing:314.70001220703125;speed:0.36000001430511475;elapsedMs:13;provider:gps;(2020, 12, 13, 14, 9)
latitude:6.26389436;longitude:-75.5634132;altitude:1530.393310546875;accuracy:9.648000717163086;vertical_accuracy:8.0;bearing:0.0;speed:0.0;elapsedMs:4;provider:gps;(2020, 12, 13, 14, 9)
latitude:6.26388162;longitude:-75.56338533;altitude:1530.3895263671875;accuracy:9.648000717163086;vertical_accuracy:8.0;bearing:0.0;speed:0.0;elapsedMs:6;provider:gps;(2020, 12, 13, 14, 9)
latitude:6.26387889;longitude:-75.56338152;altitude:1530.2930908203125;accuracy:9.648000717163086;vertical_accuracy:8.0;bearing:0.0;speed:0.0;elapsedMs:12;provider:gps;(2020, 12, 13, 14, 9)
latitude:6.26394297;longitude:-75.56335952;altitude:1523.8858642578125;accuracy:10.720000267028809;vertical_accuracy:8.0;bearing:0.0;speed:0.0;elapsedMs:8;provider:gps;(2020, 12, 13, 14, 9)
latitude:6.26396562;longitude:-75.56335204;altitude:1523.9283447265625;accuracy:9.648000717163086;vertical_accuracy:8.0;bearing:0.0;speed:0.0;elapsedMs:5;provider:gps;(2020, 12, 13, 14, 9)
latitude:6.26397141;longitude:-75.56334993;altitude:1523.9559326171875;accuracy:7.504000186920166;vertical_accuracy:6.0;bearing:0.0;speed:0.0;elapsedMs:17;provider:gps;(2020, 12, 13, 14, 9)
latitude:6.26397289;longitude:-75.56334908;altitude:1523.944580078125;accuracy:6.432000160217285;vertical_accuracy:6.0;bearing:0.0;speed:0.0;elapsedMs:24;provider:gps;(2020, 12, 13, 14, 9)
latitude:6.26397493;longitude:-75.56334732;altitude:1524.3087158203125;accuracy:7.504000186920166;vertical_accuracy:6.0;bearing:0.0;speed:0.0;elapsedMs:9;provider:gps;(2020, 12, 13, 14, 9)
latitude:6.26397625;longitude:-75.56334609;altitude:1524.30078125;accuracy:7.504000186920166;vertical_accuracy:6.0;bearing:0.0;speed:0.0;elapsedMs:17;provider:gps;(2020, 12, 13, 14, 9)
latitude:6.26397663;longitude:-75.56334571;altitude:1524.3460693359375;accuracy:5.360000133514404;vertical_accuracy:4.0;bearing:0.0;speed:0.0;elapsedMs:10;provider:gps;(2020, 12, 13, 14, 9)
latitude:6.26397682;longitude:-75.56334564;altitude:1524.3419189453125;accuracy:5.360000133514404;vertical_accuracy:4.0;bearing:0.0;speed:0.0;elapsedMs:15;provider:gps;(2020, 12, 13, 14, 9)
latitude:6.26397684;longitude:-75.5633459;altitude:1524.356689453125;accuracy:5.360000133514404;vertical_accuracy:4.0;bearing:0.0;speed:0.0;elapsedMs:18;provider:gps;(2020, 12, 13, 14, 9)
latitude:6.26397699;longitude:-75.5633462;altitude:1524.4033203125;accuracy:5.360000133514404;vertical_accuracy:4.0;bearing:0.0;speed:0.0;elapsedMs:4;provider:gps;(2020, 12, 13, 14, 9)
latitude:6.26397717;longitude:-75.56334657;altitude:1524.4215087890625;accuracy:5.360000133514404;vertical_accuracy:4.0;bearing:0.0;speed:0.0;elapsedMs:8;provider:gps;(2020, 12, 13, 14, 10)
latitude:6.26397717;longitude:-75.56334665;altitude:1524.406005859375;accuracy:5.360000133514404;vertical_accuracy:4.0;bearing:0.0;speed:0.0;elapsedMs:13;provider:gps;(2020, 12, 13, 14, 10)
latitude:6.26397718;longitude:-75.56334673;altitude:1524.429443359375;accuracy:5.360000133514404;vertical_accuracy:6.0;bearing:0.0;speed:0.0;elapsedMs:10;provider:gps;(2020, 12, 13, 14, 10)
latitude:6.26397735;longitude:-75.56334684;altitude:1524.445556640625;accuracy:5.360000133514404;vertical_accuracy:4.0;bearing:0.0;speed:0.0;elapsedMs:13;provider:gps;(2020, 12, 13, 14, 10)
latitude:6.26397748;longitude:-75.56334689;altitude:1524.44677734375;accuracy:4.288000106811523;vertical_accuracy:4.0;bearing:0.0;speed:0.0;elapsedMs:9;provider:gps;(2020, 12, 13, 14, 10)
latitude:6.26402917;longitude:-75.56334274;altitude:1523.6556396484375;accuracy:4.288000106811523;vertical_accuracy:4.0;bearing:17.200000762939453;speed:5.889999866485596;elapsedMs:14;provider:gps;(2020, 12, 13, 14, 10)
latitude:6.26415207;longitude:-75.56328841;altitude:1523.18359375;accuracy:4.288000106811523;vertical_accuracy:4.0;bearing:22.899999618530273;speed:7.130000114440918;elapsedMs:18;provider:gps;(2020, 12, 13, 14, 10)
latitude:6.26442294;longitude:-75.56315304;altitude:1514.347412109375;accuracy:5.360000133514404;vertical_accuracy:4.0;bearing:20.399999618530273;speed:10.520000457763672;elapsedMs:18;provider:gps;(2020, 12, 13, 14, 10)
latitude:6.26467947;longitude:-75.56306413;altitude:1512.7039794921875;accuracy:9.648000717163086;vertical_accuracy:8.0;bearing:20.899999618530273;speed:12.029999732971191;elapsedMs:20;provider:gps;(2020, 12, 13, 14, 10)
latitude:6.26502102;longitude:-75.56291418;altitude:1523.3243408203125;accuracy:5.360000133514404;vertical_accuracy:6.0;bearing:19.200000762939453;speed:13.75;elapsedMs:4;provider:gps;(2020, 12, 13, 14, 10)
latitude:6.26527716;longitude:-75.56288705;altitude:1527.6094970703125;accuracy:3.2160000801086426;vertical_accuracy:6.0;bearing:20.399999618530273;speed:13.729999542236328;elapsedMs:22;provider:gps;(2020, 12, 13, 14, 10)
latitude:6.26549765;longitude:-75.56280735;altitude:1525.5037841796875;accuracy:4.288000106811523;vertical_accuracy:8.0;bearing:17.399999618530273;speed:13.880000114440918;elapsedMs:14;provider:gps;(2020, 12, 13, 14, 10)
latitude:6.26576056;longitude:-75.56273881;altitude:1528.706298828125;accuracy:5.360000133514404;vertical_accuracy:8.0;bearing:15.300000190734863;speed:14.890000343322754;elapsedMs:16;provider:gps;(2020, 12, 13, 14, 10)
latitude:6.26604325;longitude:-75.56267963;altitude:1527.7528076171875;accuracy:5.360000133514404;vertical_accuracy:8.0;bearing:8.199999809265137;speed:15.819999694824219;elapsedMs:19;provider:gps;(2020, 12, 13, 14, 10)
latitude:6.26637041;longitude:-75.56269339;altitude:1525.607666015625;accuracy:4.288000106811523;vertical_accuracy:8.0;bearing:1.600000023841858;speed:18.1200008392334;elapsedMs:8;provider:gps;(2020, 12, 13, 14, 10)
latitude:6.26670883;longitude:-75.56272027;altitude:1526.2821044921875;accuracy:3.2160000801086426;vertical_accuracy:6.0;bearing:353.5;speed:18.360000610351562;elapsedMs:20;provider:gps;(2020, 12, 13, 14, 10)
latitude:6.26705125;longitude:-75.56276141;altitude:1524.0450439453125;accuracy:4.288000106811523;vertical_accuracy:6.0;bearing:348.0;speed:19.1200008392334;elapsedMs:20;provider:gps;(2020, 12, 13, 14, 10)
latitude:6.26736868;longitude:-75.56285383;altitude:1524.37890625;accuracy:4.288000106811523;vertical_accuracy:6.0;bearing:339.8999938964844;speed:17.90999984741211;elapsedMs:10;provider:gps;(2020, 12, 13, 14, 10)
latitude:6.26765162;longitude:-75.56299577;altitude:1525.859619140625;accuracy:4.288000106811523;vertical_accuracy:6.0;bearing:332.70001220703125;speed:17.049999237060547;elapsedMs:8;provider:gps;(2020, 12, 13, 14, 10)
latitude:6.26792592;longitude:-75.56314244;altitude:1526.52685546875;accuracy:3.2160000801086426;vertical_accuracy:6.0;bearing:327.1000061035156;speed:16.670000076293945;elapsedMs:14;provider:gps;(2020, 12, 13, 14, 10)
latitude:6.26816849;longitude:-75.56331359;altitude:1525.65234375;accuracy:3.2160000801086426;vertical_accuracy:6.0;bearing:321.6000061035156;speed:16.049999237060547;elapsedMs:11;provider:gps;(2020, 12, 13, 14, 10)
latitude:6.26837923;longitude:-75.56350203;altitude:1523.826904296875;accuracy:4.288000106811523;vertical_accuracy:6.0;bearing:317.70001220703125;speed:15.390000343322754;elapsedMs:16;provider:gps;(2020, 12, 13, 14, 10)
latitude:6.26854795;longitude:-75.56370382;altitude:1523.47216796875;accuracy:6.432000160217285;vertical_accuracy:8.0;bearing:310.1000061035156;speed:14.520000457763672;elapsedMs:17;provider:gps;(2020, 12, 13, 14, 10)
latitude:6.26867664;longitude:-75.56390159;altitude:1518.5069580078125;accuracy:4.288000106811523;vertical_accuracy:6.0;bearing:304.1000061035156;speed:13.960000038146973;elapsedMs:2;provider:gps;(2020, 12, 13, 14, 10)
latitude:6.26879966;longitude:-75.56408731;altitude:1515.19287109375;accuracy:4.288000106811523;vertical_accuracy:6.0;bearing:299.20001220703125;speed:12.359999656677246;elapsedMs:15;provider:gps;(2020, 12, 13, 14, 10)
latitude:6.26889103;longitude:-75.56426554;altitude:1515.574951171875;accuracy:4.288000106811523;vertical_accuracy:6.0;bearing:296.1000061035156;speed:11.600000381469727;elapsedMs:24;provider:gps;(2020, 12, 13, 14, 10)
latitude:6.26895713;longitude:-75.56446745;altitude:1516.275390625;accuracy:4.288000106811523;vertical_accuracy:6.0;bearing:293.1000061035156;speed:11.079999923706055;elapsedMs:8;provider:gps;(2020, 12, 13, 14, 10)
latitude:6.26903702;longitude:-75.56470364;altitude:1513.16650390625;accuracy:4.288000106811523;vertical_accuracy:6.0;bearing:288.70001220703125;speed:10.510000228881836;elapsedMs:9;provider:gps;(2020, 12, 13, 14, 10)
latitude:6.26909438;longitude:-75.56484183;altitude:1513.6181640625;accuracy:4.288000106811523;vertical_accuracy:6.0;bearing:288.5;speed:9.880000114440918;elapsedMs:27;provider:gps;(2020, 12, 13, 14, 10)
latitude:6.26912965;longitude:-75.56502581;altitude:1508.85888671875;accuracy:4.288000106811523;vertical_accuracy:6.0;bearing:287.1000061035156;speed:9.239999771118164;elapsedMs:3;provider:gps;(2020, 12, 13, 14, 10)
latitude:6.26917104;longitude:-75.56516913;altitude:1509.7515869140625;accuracy:4.288000106811523;vertical_accuracy:8.0;bearing:286.5;speed:8.09000015258789;elapsedMs:20;provider:gps;(2020, 12, 13, 14, 11)
latitude:6.26922506;longitude:-75.56529825;altitude:1509.6334228515625;accuracy:6.432000160217285;vertical_accuracy:8.0;bearing:291.29998779296875;speed:7.300000190734863;elapsedMs:12;provider:gps;(2020, 12, 13, 14, 11)
latitude:6.26925942;longitude:-75.56539223;altitude:1509.735595703125;accuracy:8.576000213623047;vertical_accuracy:12.0;bearing:289.20001220703125;speed:5.630000114440918;elapsedMs:8;provider:gps;(2020, 12, 13, 14, 11)
latitude:6.26930289;longitude:-75.56546951;altitude:1510.6116943359375;accuracy:8.576000213623047;vertical_accuracy:12.0;bearing:288.3999938964844;speed:4.739999771118164;elapsedMs:12;provider:gps;(2020, 12, 13, 14, 11)
latitude:6.26932812;longitude:-75.56551327;altitude:1511.326171875;accuracy:9.648000717163086;vertical_accuracy:12.0;bearing:295.8999938964844;speed:3.049999952316284;elapsedMs:16;provider:gps;(2020, 12, 13, 14, 11)
latitude:6.26935317;longitude:-75.56555663;altitude:1511.7423095703125;accuracy:9.648000717163086;vertical_accuracy:8.0;bearing:301.29998779296875;speed:3.0999999046325684;elapsedMs:22;provider:gps;(2020, 12, 13, 14, 11)
