latitude:6.26917383;longitude:-75.5657592;altitude:1512.1016845703125;accuracy:37.52000045776367;vertical_accuracy:48.0;bearing:237.39999389648438;speed:1.2999999523162842;elapsedMs:9;provider:gps;(2020, 12, 13, 15, 3)
latitude:6.2692302;longitude:-75.5656802;altitude:1511.5831298828125;accuracy:28.944000244140625;vertical_accuracy:24.0;bearing:64.4000015258789;speed:1.5800000429153442;elapsedMs:18;provider:gps;(2020, 12, 13, 15, 3)
latitude:6.26923933;longitude:-75.56562057;altitude:1499.4591064453125;accuracy:19.296001434326172;vertical_accuracy:24.0;bearing:112.0;speed:3.5899999141693115;elapsedMs:5;provider:gps;(2020, 12, 13, 15, 3)
latitude:6.26910245;longitude:-75.56558469;altitude:1502.8277587890625;accuracy:9.648000717163086;vertical_accuracy:12.0;bearing:167.3000030517578;speed:4.28000020980835;elapsedMs:6;provider:gps;(2020, 12, 13, 15, 3)
latitude:6.26897008;longitude:-75.56561064;altitude:1497.7933349609375;accuracy:9.648000717163086;vertical_accuracy:12.0;bearing:181.8000030517578;speed:5.659999847412109;elapsedMs:8;provider:gps;(2020, 12, 13, 15, 3)
latitude:6.26878386;longitude:-75.56559814;altitude:1494.5323486328125;accuracy:5.360000133514404;vertical_accuracy:12.0;bearing:190.0;speed:7.03000020980835;elapsedMs:9;provider:gps;(2020, 12, 13, 15, 3)
latitude:6.26868724;longitude:-75.56561549;altitude:1494.3997802734375;accuracy:4.288000106811523;vertical_accuracy:8.0;bearing:189.6999969482422;speed:7.380000114440918;elapsedMs:9;provider:gps;(2020, 12, 13, 15, 3)
latitude:6.26857785;longitude:-75.56564863;altitude:1491.4932861328125;accuracy:4.288000106811523;vertical_accuracy:8.0;bearing:192.0;speed:7.53000020980835;elapsedMs:20;provider:gps;(2020, 12, 13, 15, 3)
latitude:6.26841113;longitude:-75.56562747;altitude:1493.31494140625;accuracy:4.288000106811523;vertical_accuracy:8.0;bearing:186.89999389648438;speed:7.730000019073486;elapsedMs:6;provider:gps;(2020, 12, 13, 15, 3)
latitude:6.2682932;longitude:-75.56564514;altitude:1490.2152099609375;accuracy:5.360000133514404;vertical_accuracy:8.0;bearing:187.8000030517578;speed:7.650000095367432;elapsedMs:8;provider:gps;(2020, 12, 13, 15, 4)
latitude:6.26816101;longitude:-75.56565024;altitude:1491.0194091796875;accuracy:4.288000106811523;vertical_accuracy:8.0;bearing:191.10000610351562;speed:8.119999885559082;elapsedMs:10;provider:gps;(2020, 12, 13, 15, 4)
latitude:6.26801848;longitude:-75.56567364;altitude:1491.3538818359375;accuracy:4.288000106811523;vertical_accuracy:8.0;bearing:191.5;speed:7.920000076293945;elapsedMs:17;provider:gps;(2020, 12, 13, 15, 4)
latitude:6.26787535;longitude:-75.56569674;altitude:1490.619140625;accuracy:4.288000106811523;vertical_accuracy:6.0;bearing:192.10000610351562;speed:7.849999904632568;elapsedMs:24;provider:gps;(2020, 12, 13, 15, 4)
latitude:6.26773611;longitude:-75.56573591;altitude:1490.8663330078125;accuracy:4.288000106811523;vertical_accuracy:8.0;bearing:192.39999389648438;speed:7.53000020980835;elapsedMs:9;provider:gps;(2020, 12, 13, 15, 4)
latitude:6.26760089;longitude:-75.56576322;altitude:1492.1561279296875;accuracy:5.360000133514404;vertical_accuracy:8.0;bearing:195.10000610351562;speed:7.010000228881836;elapsedMs:6;provider:gps;(2020, 12, 13, 15, 4)
latitude:6.26745847;longitude:-75.56582331;altitude:1495.0780029296875;accuracy:5.360000133514404;vertical_accuracy:8.0;bearing:191.10000610351562;speed:7.25;elapsedMs:9;provider:gps;(2020, 12, 13, 15, 4)
latitude:6.26735614;longitude:-75.56584661;altitude:1494.3961181640625;accuracy:6.432000160217285;vertical_accuracy:8.0;bearing:189.1999969482422;speed:6.889999866485596;elapsedMs:30;provider:gps;(2020, 12, 13, 15, 4)
latitude:6.26720778;longitude:-75.56589753;altitude:1491.89990234375;accuracy:6.432000160217285;vertical_accuracy:8.0;bearing:195.3000030517578;speed:6.440000057220459;elapsedMs:4;provider:gps;(2020, 12, 13, 15, 4)
latitude:6.26709718;longitude:-75.5659255;altitude:1491.53466796875;accuracy:6.432000160217285;vertical_accuracy:8.0;bearing:192.89999389648438;speed:6.449999809265137;elapsedMs:19;provider:gps;(2020, 12, 13, 15, 4)
latitude:6.26699115;longitude:-75.56594089;altitude:1492.871826171875;accuracy:6.432000160217285;vertical_accuracy:8.0;bearing:191.5;speed:5.53000020980835;elapsedMs:7;provider:gps;(2020, 12, 13, 15, 4)
latitude:6.26691406;longitude:-75.56592967;altitude:1494.5716552734375;accuracy:6.432000160217285;vertical_accuracy:8.0;bearing:188.5;speed:3.309999942779541;elapsedMs:7;provider:gps;(2020, 12, 13, 15, 4)
latitude:6.26685871;longitude:-75.56593702;altitude:1494.4027099609375;accuracy:6.432000160217285;vertical_accuracy:8.0;bearing:188.8000030517578;speed:3.009999990463257;elapsedMs:3;provider:gps;(2020, 12, 13, 15, 4)
latitude:6.26676016;longitude:-75.56594284;altitude:1497.2113037109375;accuracy:5.360000133514404;vertical_accuracy:8.0;bearing:189.5;speed:4.389999866485596;elapsedMs:3;provider:gps;(2020, 12, 13, 15, 4)
latitude:6.2667023;longitude:-75.56596519;altitude:1495.928955078125;accuracy:5.360000133514404;vertical_accuracy:8.0;bearing:188.89999389648438;speed:5.400000095367432;elapsedMs:11;provider:gps;(2020, 12, 13, 15, 4)
latitude:6.2666137;longitude:-75.56597309;altitude:1493.4859619140625;accuracy:5.360000133514404;vertical_accuracy:8.0;bearing:192.39999389648438;speed:6.070000171661377;elapsedMs:10;provider:gps;(2020, 12, 13, 15, 4)
latitude:6.26647415;longitude:-75.56598498;altitude:1495.65185546875;accuracy:5.360000133514404;vertical_accuracy:8.0;bearing:191.10000610351562;speed:6.980000019073486;elapsedMs:21;provider:gps;(2020, 12, 13, 15, 4)
latitude:6.26631071;longitude:-75.56602841;altitude:1498.123779296875;accuracy:5.360000133514404;vertical_accuracy:8.0;bearing:189.1999969482422;speed:7.889999866485596;elapsedMs:5;provider:gps;(2020, 12, 13, 15, 4)
latitude:6.26616672;longitude:-75.56606503;altitude:1500.5631103515625;accuracy:5.360000133514404;vertical_accuracy:8.0;bearing:191.0;speed:8.050000190734863;elapsedMs:19;provider:gps;(2020, 12, 13, 15, 4)
latitude:6.26600137;longitude:-75.56608273;altitude:1501.612548828125;accuracy:5.360000133514404;vertical_accuracy:8.0;bearing:191.0;speed:8.699999809265137;elapsedMs:15;provider:gps;(2020, 12, 13, 15, 4)
latitude:6.26584886;longitude:-75.56611666;altitude:1503.0712890625;accuracy:5.360000133514404;vertical_accuracy:8.0;bearing:191.0;speed:8.420000076293945;elapsedMs:5;provider:gps;(2020, 12, 13, 15, 4)
latitude:6.26569596;longitude:-75.56614128;altitude:1505.35009765625;accuracy:4.288000106811523;vertical_accuracy:8.0;bearing:189.39999389648438;speed:8.600000381469727;elapsedMs:15;provider:gps;(2020, 12, 13, 15, 4)
latitude:6.26553023;longitude:-75.56616227;altitude:1505.40234375;accuracy:5.360000133514404;vertical_accuracy:8.0;bearing:190.6999969482422;speed:8.289999961853027;elapsedMs:22;provider:gps;(2020, 12, 13, 15, 4)
latitude:6.26537839;longitude:-75.56620857;altitude:1506.047119140625;accuracy:5.360000133514404;vertical_accuracy:8.0;bearing:191.39999389648438;speed:7.96999979019165;elapsedMs:21;provider:gps;(2020, 12, 13, 15, 4)
latitude:6.26526544;longitude:-75.56623161;altitude:1504.116455078125;accuracy:4.288000106811523;vertical_accuracy:6.0;bearing:194.6999969482422;speed:6.789999961853027;elapsedMs:15;provider:gps;(2020, 12, 13, 15, 4)
latitude:6.26516115;longitude:-75.56626036;altitude:1504.196533203125;accuracy:5.360000133514404;vertical_accuracy:6.0;bearing:194.10000610351562;speed:5.699999809265137;elapsedMs:9;provider:gps;(2020, 12, 13, 15, 4)
latitude:6.26507141;longitude:-75.56625558;altitude:1503.276123046875;accuracy:5.360000133514404;vertical_accuracy:6.0;bearing:187.6999969482422;speed:5.429999828338623;elapsedMs:11;provider:gps;(2020, 12, 13, 15, 4)
latitude:6.26500506;longitude:-75.56630172;altitude:1503.5213623046875;accuracy:5.360000133514404;vertical_accuracy:6.0;bearing:196.1999969482422;speed:3.4000000953674316;elapsedMs:6;provider:gps;(2020, 12, 13, 15, 4)
latitude:6.26499936;longitude:-75.56632516;altitude:1504.533935546875;accuracy:5.360000133514404;vertical_accuracy:6.0;bearing:210.10000610351562;speed:1.6200000047683716;elapsedMs:19;provider:gps;(2020, 12, 13, 15, 4)
latitude:6.26497952;longitude:-75.56632465;altitude:1504.5096435546875;accuracy:5.360000133514404;vertical_accuracy:6.0;bearing:191.5;speed:0.6200000047683716;elapsedMs:17;provider:gps;(2020, 12, 13, 15, 4)
latitude:6.264995;longitude:-75.56631826;altitude:1504.27392578125;accuracy:5.360000133514404;vertical_accuracy:6.0;bearing:191.1999969482422;speed:0.15000000596046448;elapsedMs:14;provider:gps;(2020, 12, 13, 15, 5)
latitude:6.26498055;longitude:-75.56632033;altitude:1504.1605224609375;accuracy:5.360000133514404;vertical_accuracy:6.0;bearing:191.39999389648438;speed:0.3400000035762787;elapsedMs:17;provider:gps;(2020, 12, 13, 15, 5)
latitude:6.26495378;longitude:-75.56630151;altitude:1506.303466796875;accuracy:5.360000133514404;vertical_accuracy:8.0;bearing:118.19999694824219;speed:0.6399999856948853;elapsedMs:7;provider:gps;(2020, 12, 13, 15, 5)
latitude:6.2649393;longitude:-75.56628812;altitude:1506.47509765625;accuracy:5.360000133514404;vertical_accuracy:6.0;bearing:190.6999969482422;speed:0.1599999964237213;elapsedMs:6;provider:gps;(2020, 12, 13, 15, 5)
latitude:6.26492944;longitude:-75.56628772;altitude:1506.9949951171875;accuracy:6.432000160217285;vertical_accuracy:8.0;bearing:208.60000610351562;speed:0.6499999761581421;elapsedMs:7;provider:gps;(2020, 12, 13, 15, 5)
latitude:6.26491795;longitude:-75.56629226;altitude:1506.981201171875;accuracy:6.432000160217285;vertical_accuracy:8.0;bearing:231.6999969482422;speed:0.27000001072883606;elapsedMs:5;provider:gps;(2020, 12, 13, 15, 5)
latitude:6.26491008;longitude:-75.5662913;altitude:1507.1607666015625;accuracy:6.432000160217285;vertical_accuracy:8.0;bearing:166.60000610351562;speed:0.30000001192092896;elapsedMs:14;provider:gps;(2020, 12, 13, 15, 5)
latitude:6.26490172;longitude:-75.56627982;altitude:1507.5611572265625;accuracy:4.288000106811523;vertical_accuracy:6.0;bearing:0.0;speed:0.0;elapsedMs:16;provider:gps;(2020, 12, 13, 15, 5)
latitude:6.26489784;longitude:-75.56627501;altitude:1507.5767822265625;accuracy:4.288000106811523;vertical_accuracy:6.0;bearing:0.0;speed:0.0;elapsedMs:9;provider:gps;(2020, 12, 13, 15, 5)
latitude:6.26489142;longitude:-75.56626938;altitude:1508.1220703125;accuracy:5.360000133514404;vertical_accuracy:8.0;bearing:0.0;speed:0.0;elapsedMs:19;provider:gps;(2020, 12, 13, 15, 5)
latitude:6.26488743;longitude:-75.56625874;altitude:1506.497802734375;accuracy:5.360000133514404;vertical_accuracy:8.0;bearing:0.0;speed:0.0;elapsedMs:19;provider:gps;(2020, 12, 13, 15, 5)
latitude:6.26488313;longitude:-75.56625697;altitude:1506.6566162109375;accuracy:5.360000133514404;vertical_accuracy:8.0;bearing:0.0;speed:0.0;elapsedMs:8;provider:gps;(2020, 12, 13, 15, 5)
latitude:6.26487787;longitude:-75.56625398;altitude:1507.2802734375;accuracy:6.432000160217285;vertical_accuracy:8.0;bearing:0.0;speed:0.0;elapsedMs:9;provider:gps;(2020, 12, 13, 15, 5)
latitude:6.26487525;longitude:-75.56625096;altitude:1507.265869140625;accuracy:5.360000133514404;vertical_accuracy:8.0;bearing:0.0;speed:0.0;elapsedMs:6;provider:gps;(2020, 12, 13, 15, 5)
latitude:6.26487364;longitude:-75.56625337;altitude:1505.7205810546875;accuracy:4.288000106811523;vertical_accuracy:6.0;bearing:0.0;speed:0.0;elapsedMs:6;provider:gps;(2020, 12, 13, 15, 5)
latitude:6.26482966;longitude:-75.56625594;altitude:1509.0689697265625;accuracy:5.360000133514404;vertical_accuracy:8.0;bearing:186.0;speed:3.880000114440918;elapsedMs:10;provider:gps;(2020, 12, 13, 15, 5)
latitude:6.26469554;longitude:-75.56628218;altitude:1504.8450927734375;accuracy:6.432000160217285;vertical_accuracy:12.0;bearing:188.89999389648438;speed:5.25;elapsedMs:17;provider:gps;(2020, 12, 13, 15, 5)
latitude:6.26460978;longitude:-75.56634807;altitude:1503.231689453125;accuracy:6.432000160217285;vertical_accuracy:12.0;bearing:196.8000030517578;speed:4.28000020980835;elapsedMs:5;provider:gps;(2020, 12, 13, 15, 5)
latitude:6.26453196;longitude:-75.56634423;altitude:1502.0521240234375;accuracy:4.288000106811523;vertical_accuracy:8.0;bearing:197.5;speed:3.8399999141693115;elapsedMs:17;provider:gps;(2020, 12, 13, 15, 5)
latitude:6.26448933;longitude:-75.56640051;altitude:1500.0711669921875;accuracy:3.2160000801086426;vertical_accuracy:6.0;bearing:229.3000030517578;speed:3.299999952316284;elapsedMs:21;provider:gps;(2020, 12, 13, 15, 5)
latitude:6.26448417;longitude:-75.56646773;altitude:1500.5576171875;accuracy:3.2160000801086426;vertical_accuracy:6.0;bearing:268.6000061035156;speed:3.5999999046325684;elapsedMs:19;provider:gps;(2020, 12, 13, 15, 5)
latitude:6.26450477;longitude:-75.56655935;altitude:1498.7109375;accuracy:3.2160000801086426;vertical_accuracy:6.0;bearing:278.29998779296875;speed:4.480000019073486;elapsedMs:8;provider:gps;(2020, 12, 13, 15, 5)
latitude:6.26450669;longitude:-75.56663898;altitude:1502.9666748046875;accuracy:4.288000106811523;vertical_accuracy:8.0;bearing:277.79998779296875;speed:4.420000076293945;elapsedMs:13;provider:gps;(2020, 12, 13, 15, 5)
latitude:6.26451442;longitude:-75.56672469;altitude:1500.452880859375;accuracy:5.360000133514404;vertical_accuracy:8.0;bearing:278.3999938964844;speed:4.96999979019165;elapsedMs:9;provider:gps;(2020, 12, 13, 15, 5)
latitude:6.26452788;longitude:-75.56681658;altitude:1500.7591552734375;accuracy:7.504000186920166;vertical_accuracy:12.0;bearing:279.0;speed:4.840000152587891;elapsedMs:20;provider:gps;(2020, 12, 13, 15, 5)
latitude:6.26450538;longitude:-75.56692958;altitude:1502.1405029296875;accuracy:6.432000160217285;vertical_accuracy:12.0;bearing:273.5;speed:5.400000095367432;elapsedMs:7;provider:gps;(2020, 12, 13, 15, 5)
latitude:6.26452354;longitude:-75.56698562;altitude:1503.982421875;accuracy:7.504000186920166;vertical_accuracy:12.0;bearing:281.1000061035156;speed:3.7799999713897705;elapsedMs:2;provider:gps;(2020, 12, 13, 15, 5)
latitude:6.2645219;longitude:-75.56702138;altitude:1504.7596435546875;accuracy:9.648000717163086;vertical_accuracy:12.0;bearing:279.29998779296875;speed:2.0999999046325684;elapsedMs:9;provider:gps;(2020, 12, 13, 15, 5)
latitude:6.26449513;longitude:-75.56702183;altitude:1505.1107177734375;accuracy:9.648000717163086;vertical_accuracy:12.0;bearing:269.20001220703125;speed:0.699999988079071;elapsedMs:7;provider:gps;(2020, 12, 13, 15, 5)
latitude:6.26449226;longitude:-75.56703188;altitude:1506.8255615234375;accuracy:12.86400032043457;vertical_accuracy:16.0;bearing:272.20001220703125;speed:0.36000001430511475;elapsedMs:20;provider:gps;(2020, 12, 13, 15, 5)
latitude:6.26449288;longitude:-75.56701498;altitude:1506.1640625;accuracy:11.791999816894531;vertical_accuracy:16.0;bearing:322.3999938964844;speed:0.44999998807907104;elapsedMs:10;provider:gps;(2020, 12, 13, 15, 6)
latitude:6.26450593;longitude:-75.56703188;altitude:1504.87939453125;accuracy:9.648000717163086;vertical_accuracy:12.0;bearing:298.8999938964844;speed:1.3200000524520874;elapsedMs:16;provider:gps;(2020, 12, 13, 15, 6)
latitude:6.26451122;longitude:-75.56706332;altitude:1503.4283447265625;accuracy:9.648000717163086;vertical_accuracy:12.0;bearing:278.3999938964844;speed:0.8100000023841858;elapsedMs:12;provider:gps;(2020, 12, 13, 15, 6)
latitude:6.26451483;longitude:-75.56708689;altitude:1501.54248046875;accuracy:7.504000186920166;vertical_accuracy:12.0;bearing:272.70001220703125;speed:0.7799999713897705;elapsedMs:10;provider:gps;(2020, 12, 13, 15, 6)
latitude:6.26452784;longitude:-75.56710312;altitude:1500.44287109375;accuracy:9.648000717163086;vertical_accuracy:12.0;bearing:287.5;speed:0.8899999856948853;elapsedMs:13;provider:gps;(2020, 12, 13, 15, 6)
latitude:6.26455821;longitude:-75.56713469;altitude:1499.4786376953125;accuracy:11.791999816894531;vertical_accuracy:16.0;bearing:287.6000061035156;speed:1.9700000286102295;elapsedMs:4;provider:gps;(2020, 12, 13, 15, 6)
latitude:6.26458779;longitude:-75.56722905;altitude:1498.4981689453125;accuracy:13.93600082397461;vertical_accuracy:16.0;bearing:276.79998779296875;speed:4.03000020980835;elapsedMs:3;provider:gps;(2020, 12, 13, 15, 6)
latitude:6.26460497;longitude:-75.56739087;altitude:1495.590576171875;accuracy:7.504000186920166;vertical_accuracy:12.0;bearing:272.8999938964844;speed:4.809999942779541;elapsedMs:18;provider:gps;(2020, 12, 13, 15, 6)
latitude:6.26458038;longitude:-75.56747248;altitude:1491.98583984375;accuracy:7.504000186920166;vertical_accuracy:12.0;bearing:268.29998779296875;speed:5.260000228881836;elapsedMs:2;provider:gps;(2020, 12, 13, 15, 6)
latitude:6.26458725;longitude:-75.56757117;altitude:1493.8338623046875;accuracy:8.576000213623047;vertical_accuracy:12.0;bearing:268.20001220703125;speed:5.5;elapsedMs:11;provider:gps;(2020, 12, 13, 15, 6)
latitude:6.26460214;longitude:-75.56768252;altitude:1492.8253173828125;accuracy:6.432000160217285;vertical_accuracy:8.0;bearing:275.5;speed:5.46999979019165;elapsedMs:4;provider:gps;(2020, 12, 13, 15, 6)
latitude:6.26461631;longitude:-75.56778688;altitude:1491.0396728515625;accuracy:6.432000160217285;vertical_accuracy:8.0;bearing:276.29998779296875;speed:5.809999942779541;elapsedMs:10;provider:gps;(2020, 12, 13, 15, 6)
latitude:6.26462444;longitude:-75.56787864;altitude:1490.8851318359375;accuracy:6.432000160217285;vertical_accuracy:8.0;bearing:272.29998779296875;speed:5.449999809265137;elapsedMs:18;provider:gps;(2020, 12, 13, 15, 6)
latitude:6.26465354;longitude:-75.56802955;altitude:1493.462646484375;accuracy:6.432000160217285;vertical_accuracy:8.0;bearing:276.79998779296875;speed:7.900000095367432;elapsedMs:8;provider:gps;(2020, 12, 13, 15, 6)
latitude:6.26467331;longitude:-75.56819985;altitude:1493.0762939453125;accuracy:5.360000133514404;vertical_accuracy:6.0;bearing:277.3999938964844;speed:9.25;elapsedMs:7;provider:gps;(2020, 12, 13, 15, 6)
latitude:6.26470252;longitude:-75.56838994;altitude:1492.6165771484375;accuracy:5.360000133514404;vertical_accuracy:6.0;bearing:278.8999938964844;speed:10.430000305175781;elapsedMs:20;provider:gps;(2020, 12, 13, 15, 6)
latitude:6.26473926;longitude:-75.56859115;altitude:1492.864013671875;accuracy:4.288000106811523;vertical_accuracy:6.0;bearing:280.3999938964844;speed:11.470000267028809;elapsedMs:6;provider:gps;(2020, 12, 13, 15, 6)
latitude:6.26477641;longitude:-75.5687855;altitude:1493.1373291015625;accuracy:5.360000133514404;vertical_accuracy:6.0;bearing:280.79998779296875;speed:10.960000038146973;elapsedMs:6;provider:gps;(2020, 12, 13, 15, 6)
latitude:6.26480059;longitude:-75.56901089;altitude:1488.20166015625;accuracy:5.360000133514404;vertical_accuracy:6.0;bearing:277.0;speed:12.329999923706055;elapsedMs:6;provider:gps;(2020, 12, 13, 15, 6)
latitude:6.26486647;longitude:-75.56922475;altitude:1480.17041015625;accuracy:5.360000133514404;vertical_accuracy:8.0;bearing:278.3999938964844;speed:12.920000076293945;elapsedMs:13;provider:gps;(2020, 12, 13, 15, 6)
latitude:6.26489943;longitude:-75.5694803;altitude:1477.65478515625;accuracy:5.360000133514404;vertical_accuracy:8.0;bearing:277.1000061035156;speed:13.989999771118164;elapsedMs:11;provider:gps;(2020, 12, 13, 15, 6)
latitude:6.26495116;longitude:-75.56971985;altitude:1479.465087890625;accuracy:5.360000133514404;vertical_accuracy:8.0;bearing:282.29998779296875;speed:13.390000343322754;elapsedMs:12;provider:gps;(2020, 12, 13, 15, 6)
latitude:6.26495424;longitude:-75.57009346;altitude:1476.331298828125;accuracy:4.288000106811523;vertical_accuracy:8.0;bearing:276.20001220703125;speed:16.360000610351562;elapsedMs:13;provider:gps;(2020, 12, 13, 15, 6)
latitude:6.26500785;longitude:-75.57042148;altitude:1476.1837158203125;accuracy:5.360000133514404;vertical_accuracy:8.0;bearing:279.1000061035156;speed:17.450000762939453;elapsedMs:19;provider:gps;(2020, 12, 13, 15, 6)
latitude:6.26505136;longitude:-75.57073087;altitude:1476.835693359375;accuracy:5.360000133514404;vertical_accuracy:8.0;bearing:278.8999938964844;speed:17.65999984741211;elapsedMs:19;provider:gps;(2020, 12, 13, 15, 6)
latitude:6.26509906;longitude:-75.57104345;altitude:1476.6307373046875;accuracy:5.360000133514404;vertical_accuracy:8.0;bearing:278.79998779296875;speed:17.239999771118164;elapsedMs:11;provider:gps;(2020, 12, 13, 15, 6)
latitude:6.26516091;longitude:-75.57134359;altitude:1473.298583984375;accuracy:5.360000133514404;vertical_accuracy:6.0;bearing:280.20001220703125;speed:16.829999923706055;elapsedMs:3;provider:gps;(2020, 12, 13, 15, 6)
latitude:6.26519409;longitude:-75.57170623;altitude:1473.3369140625;accuracy:4.288000106811523;vertical_accuracy:6.0;bearing:278.1000061035156;speed:17.549999237060547;elapsedMs:13;provider:gps;(2020, 12, 13, 15, 6)
latitude:6.26523578;longitude:-75.57202707;altitude:1475.5142822265625;accuracy:3.2160000801086426;vertical_accuracy:6.0;bearing:278.0;speed:18.200000762939453;elapsedMs:10;provider:gps;(2020, 12, 13, 15, 7)
latitude:6.26530249;longitude:-75.5723632;altitude:1474.18017578125;accuracy:3.2160000801086426;vertical_accuracy:6.0;bearing:278.6000061035156;speed:18.610000610351562;elapsedMs:6;provider:gps;(2020, 12, 13, 15, 7)
latitude:6.2653606;longitude:-75.57271666;altitude:1473.5247802734375;accuracy:4.288000106811523;vertical_accuracy:6.0;bearing:278.6000061035156;speed:19.31999969482422;elapsedMs:10;provider:gps;(2020, 12, 13, 15, 7)
latitude:6.26542088;longitude:-75.57307812;altitude:1474.186279296875;accuracy:4.288000106811523;vertical_accuracy:6.0;bearing:278.8999938964844;speed:20.329999923706055;elapsedMs:18;provider:gps;(2020, 12, 13, 15, 7)
latitude:6.26546859;longitude:-75.57346134;altitude:1476.8251953125;accuracy:4.288000106811523;vertical_accuracy:6.0;bearing:279.8999938964844;speed:21.079999923706055;elapsedMs:12;provider:gps;(2020, 12, 13, 15, 7)
latitude:6.26553081;longitude:-75.57381894;altitude:1475.3553466796875;accuracy:4.288000106811523;vertical_accuracy:6.0;bearing:280.0;speed:20.790000915527344;elapsedMs:16;provider:gps;(2020, 12, 13, 15, 7)
latitude:6.26558738;longitude:-75.57421032;altitude:1475.8695068359375;accuracy:3.2160000801086426;vertical_accuracy:6.0;bearing:278.70001220703125;speed:21.899999618530273;elapsedMs:5;provider:gps;(2020, 12, 13, 15, 7)
latitude:6.26564761;longitude:-75.57457683;altitude:1475.78515625;accuracy:3.2160000801086426;vertical_accuracy:6.0;bearing:278.6000061035156;speed:21.1299991607666;elapsedMs:9;provider:gps;(2020, 12, 13, 15, 7)
latitude:6.26570445;longitude:-75.57495446;altitude:1475.6163330078125;accuracy:7.504000186920166;vertical_accuracy:6.0;bearing:278.6000061035156;speed:21.1299991607666;elapsedMs:1;provider:gps;(2020, 12, 13, 15, 7)
latitude:6.26585389;longitude:-75.5753367;altitude:1474.3458251953125;accuracy:7.504000186920166;vertical_accuracy:6.0;bearing:287.20001220703125;speed:22.030000686645508;elapsedMs:27;provider:gps;(2020, 12, 13, 15, 7)
latitude:6.26604945;longitude:-75.57567711;altitude:1474.868896484375;accuracy:6.432000160217285;vertical_accuracy:8.0;bearing:299.1000061035156;speed:20.110000610351562;elapsedMs:8;provider:gps;(2020, 12, 13, 15, 7)
latitude:6.26626569;longitude:-75.57592209;altitude:1477.76123046875;accuracy:7.504000186920166;vertical_accuracy:8.0;bearing:308.0;speed:18.079999923706055;elapsedMs:33;provider:gps;(2020, 12, 13, 15, 7)
latitude:6.2665168;longitude:-75.57607209;altitude:1477.0372314453125;accuracy:7.504000186920166;vertical_accuracy:8.0;bearing:320.6000061035156;speed:16.809999465942383;elapsedMs:2;provider:gps;(2020, 12, 13, 15, 7)
latitude:6.26678563;longitude:-75.57623263;altitude:1471.1031494140625;accuracy:7.504000186920166;vertical_accuracy:12.0;bearing:331.6000061035156;speed:15.890000343322754;elapsedMs:17;provider:gps;(2020, 12, 13, 15, 7)
latitude:6.26707522;longitude:-75.57628039;altitude:1470.8143310546875;accuracy:8.576000213623047;vertical_accuracy:12.0;bearing:348.1000061035156;speed:15.5600004196167;elapsedMs:5;provider:gps;(2020, 12, 13, 15, 7)
latitude:6.26735125;longitude:-75.57626249;altitude:1472.7130126953125;accuracy:9.648000717163086;vertical_accuracy:12.0;bearing:3.299999952316284;speed:15.289999961853027;elapsedMs:21;provider:gps;(2020, 12, 13, 15, 7)
latitude:6.26760548;longitude:-75.57618325;altitude:1473.0372314453125;accuracy:7.504000186920166;vertical_accuracy:8.0;bearing:15.0;speed:14.600000381469727;elapsedMs:14;provider:gps;(2020, 12, 13, 15, 7)
latitude:6.2677686;longitude:-75.5761132;altitude:1476.0931396484375;accuracy:6.432000160217285;vertical_accuracy:8.0;bearing:23.0;speed:11.600000381469727;elapsedMs:16;provider:gps;(2020, 12, 13, 15, 7)
latitude:6.26791405;longitude:-75.57602498;altitude:1476.0948486328125;accuracy:6.432000160217285;vertical_accuracy:8.0;bearing:31.700000762939453;speed:10.15999984741211;elapsedMs:26;provider:gps;(2020, 12, 13, 15, 7)
latitude:6.26806186;longitude:-75.57592901;altitude:1475.306884765625;accuracy:6.432000160217285;vertical_accuracy:8.0;bearing:37.099998474121094;speed:9.710000038146973;elapsedMs:14;provider:gps;(2020, 12, 13, 15, 7)
latitude:6.26817129;longitude:-75.57582923;altitude:1479.1597900390625;accuracy:6.432000160217285;vertical_accuracy:6.0;bearing:35.400001525878906;speed:8.34000015258789;elapsedMs:9;provider:gps;(2020, 12, 13, 15, 7)
latitude:6.26820773;longitude:-75.5757902;altitude:1479.4093017578125;accuracy:6.432000160217285;vertical_accuracy:8.0;bearing:31.100000381469727;speed:4.090000152587891;elapsedMs:12;provider:gps;(2020, 12, 13, 15, 7)
latitude:6.2682511;longitude:-75.57575111;altitude:1479.97998046875;accuracy:7.504000186920166;vertical_accuracy:8.0;bearing:40.20000076293945;speed:2.0899999141693115;elapsedMs:6;provider:gps;(2020, 12, 13, 15, 7)
latitude:6.26831304;longitude:-75.57571724;altitude:1478.2779541015625;accuracy:6.432000160217285;vertical_accuracy:8.0;bearing:26.299999237060547;speed:1.6200000047683716;elapsedMs:3;provider:gps;(2020, 12, 13, 15, 7)
latitude:6.26839388;longitude:-75.57567025;altitude:1480.9937744140625;accuracy:6.432000160217285;vertical_accuracy:8.0;bearing:30.299999237060547;speed:3.299999952316284;elapsedMs:4;provider:gps;(2020, 12, 13, 15, 7)
latitude:6.26844456;longitude:-75.57565583;altitude:1482.653076171875;accuracy:5.360000133514404;vertical_accuracy:8.0;bearing:21.5;speed:3.9700000286102295;elapsedMs:6;provider:gps;(2020, 12, 13, 15, 7)
latitude:6.26855507;longitude:-75.57565078;altitude:1485.4073486328125;accuracy:5.360000133514404;vertical_accuracy:8.0;bearing:8.800000190734863;speed:5.449999809265137;elapsedMs:2;provider:gps;(2020, 12, 13, 15, 7)
latitude:6.2686521;longitude:-75.57563921;altitude:1485.149169921875;accuracy:5.360000133514404;vertical_accuracy:8.0;bearing:4.699999809265137;speed:7.510000228881836;elapsedMs:22;provider:gps;(2020, 12, 13, 15, 7)
latitude:6.26879083;longitude:-75.57564974;altitude:1487.9283447265625;accuracy:5.360000133514404;vertical_accuracy:8.0;bearing:353.5;speed:8.050000190734863;elapsedMs:7;provider:gps;(2020, 12, 13, 15, 7)
latitude:6.26896295;longitude:-75.57568705;altitude:1486.9283447265625;accuracy:4.288000106811523;vertical_accuracy:6.0;bearing:348.1000061035156;speed:9.619999885559082;elapsedMs:8;provider:gps;(2020, 12, 13, 15, 7)
latitude:6.26914515;longitude:-75.57573179;altitude:1486.5477294921875;accuracy:7.504000186920166;vertical_accuracy:8.0;bearing:345.20001220703125;speed:9.899999618530273;elapsedMs:22;provider:gps;(2020, 12, 13, 15, 8)
latitude:6.26933687;longitude:-75.57579578;altitude:1484.3203125;accuracy:6.432000160217285;vertical_accuracy:8.0;bearing:342.79998779296875;speed:10.210000038146973;elapsedMs:11;provider:gps;(2020, 12, 13, 15, 8)
latitude:6.2695094;longitude:-75.57583583;altitude:1482.2926025390625;accuracy:4.288000106811523;vertical_accuracy:6.0;bearing:344.79998779296875;speed:10.1899995803833;elapsedMs:7;provider:gps;(2020, 12, 13, 15, 8)
latitude:6.26969483;longitude:-75.57590827;altitude:1482.088134765625;accuracy:5.360000133514404;vertical_accuracy:6.0;bearing:345.70001220703125;speed:10.40999984741211;elapsedMs:14;provider:gps;(2020, 12, 13, 15, 8)
latitude:6.26991877;longitude:-75.57590518;altitude:1482.16162109375;accuracy:5.360000133514404;vertical_accuracy:6.0;bearing:359.0;speed:12.149999618530273;elapsedMs:6;provider:gps;(2020, 12, 13, 15, 8)
latitude:6.27015362;longitude:-75.57583038;altitude:1484.213134765625;accuracy:5.360000133514404;vertical_accuracy:8.0;bearing:15.899999618530273;speed:12.59000015258789;elapsedMs:13;provider:gps;(2020, 12, 13, 15, 8)
latitude:6.2703274;longitude:-75.57574911;altitude:1484.54052734375;accuracy:5.360000133514404;vertical_accuracy:8.0;bearing:21.799999237060547;speed:11.010000228881836;elapsedMs:17;provider:gps;(2020, 12, 13, 15, 8)
latitude:6.2705176;longitude:-75.57570227;altitude:1485.6077880859375;accuracy:5.360000133514404;vertical_accuracy:6.0;bearing:19.799999237060547;speed:9.180000305175781;elapsedMs:7;provider:gps;(2020, 12, 13, 15, 8)
latitude:6.27064908;longitude:-75.57565521;altitude:1485.681396484375;accuracy:5.360000133514404;vertical_accuracy:6.0;bearing:20.700000762939453;speed:7.869999885559082;elapsedMs:10;provider:gps;(2020, 12, 13, 15, 8)
latitude:6.27078318;longitude:-75.57560833;altitude:1486.6690673828125;accuracy:4.288000106811523;vertical_accuracy:6.0;bearing:19.700000762939453;speed:7.840000152587891;elapsedMs:6;provider:gps;(2020, 12, 13, 15, 8)
latitude:6.27088238;longitude:-75.57553271;altitude:1492.2958984375;accuracy:5.360000133514404;vertical_accuracy:6.0;bearing:22.600000381469727;speed:9.069999694824219;elapsedMs:8;provider:gps;(2020, 12, 13, 15, 8)
latitude:6.27102567;longitude:-75.57547211;altitude:1492.5440673828125;accuracy:4.288000106811523;vertical_accuracy:6.0;bearing:24.299999237060547;speed:9.600000381469727;elapsedMs:19;provider:gps;(2020, 12, 13, 15, 8)
latitude:6.2711869;longitude:-75.575406;altitude:1491.8394775390625;accuracy:4.288000106811523;vertical_accuracy:6.0;bearing:19.899999618530273;speed:9.65999984741211;elapsedMs:18;provider:gps;(2020, 12, 13, 15, 8)
latitude:6.27137613;longitude:-75.57533017;altitude:1492.69287109375;accuracy:4.288000106811523;vertical_accuracy:6.0;bearing:22.799999237060547;speed:11.329999923706055;elapsedMs:13;provider:gps;(2020, 12, 13, 15, 8)
latitude:6.27159638;longitude:-75.57524947;altitude:1490.2095947265625;accuracy:3.2160000801086426;vertical_accuracy:6.0;bearing:22.600000381469727;speed:11.5600004196167;elapsedMs:2;provider:gps;(2020, 12, 13, 15, 8)
latitude:6.27171681;longitude:-75.57519627;altitude:1492.2803955078125;accuracy:4.288000106811523;vertical_accuracy:6.0;bearing:21.799999237060547;speed:12.680000305175781;elapsedMs:2;provider:gps;(2020, 12, 13, 15, 8)
latitude:6.2720816;longitude:-75.57506561;altitude:1493.8956298828125;accuracy:5.360000133514404;vertical_accuracy:6.0;bearing:19.299999237060547;speed:14.15999984741211;elapsedMs:17;provider:gps;(2020, 12, 13, 15, 8)
latitude:6.2723501;longitude:-75.574978;altitude:1495.558837890625;accuracy:5.360000133514404;vertical_accuracy:8.0;bearing:20.799999237060547;speed:15.010000228881836;elapsedMs:12;provider:gps;(2020, 12, 13, 15, 8)
latitude:6.27268689;longitude:-75.57484737;altitude:1487.541015625;accuracy:6.432000160217285;vertical_accuracy:8.0;bearing:23.700000762939453;speed:16.09000015258789;elapsedMs:14;provider:gps;(2020, 12, 13, 15, 8)
latitude:6.27297885;longitude:-75.57472225;altitude:1488.5401611328125;accuracy:6.432000160217285;vertical_accuracy:8.0;bearing:24.899999618530273;speed:15.579999923706055;elapsedMs:11;provider:gps;(2020, 12, 13, 15, 8)
latitude:6.27318267;longitude:-75.57463017;altitude:1487.6038818359375;accuracy:6.432000160217285;vertical_accuracy:8.0;bearing:24.799999237060547;speed:14.109999656677246;elapsedMs:9;provider:gps;(2020, 12, 13, 15, 8)
latitude:6.27341091;longitude:-75.57452694;altitude:1488.3509521484375;accuracy:7.504000186920166;vertical_accuracy:8.0;bearing:24.600000381469727;speed:13.949999809265137;elapsedMs:17;provider:gps;(2020, 12, 13, 15, 8)
latitude:6.27366;longitude:-75.57441313;altitude:1485.11181640625;accuracy:6.432000160217285;vertical_accuracy:8.0;bearing:24.399999618530273;speed:14.260000228881836;elapsedMs:7;provider:gps;(2020, 12, 13, 15, 8)
latitude:6.27385923;longitude:-75.57431171;altitude:1483.374755859375;accuracy:7.504000186920166;vertical_accuracy:12.0;bearing:24.700000762939453;speed:14.069999694824219;elapsedMs:9;provider:gps;(2020, 12, 13, 15, 8)
latitude:6.27412244;longitude:-75.57420878;altitude:1483.587158203125;accuracy:7.504000186920166;vertical_accuracy:12.0;bearing:22.600000381469727;speed:14.890000343322754;elapsedMs:17;provider:gps;(2020, 12, 13, 15, 8)
latitude:6.27438951;longitude:-75.57408979;altitude:1483.89501953125;accuracy:7.504000186920166;vertical_accuracy:8.0;bearing:23.5;speed:15.1899995803833;elapsedMs:4;provider:gps;(2020, 12, 13, 15, 8)
latitude:6.27464061;longitude:-75.5739919;altitude:1485.6171875;accuracy:6.432000160217285;vertical_accuracy:8.0;bearing:22.600000381469727;speed:14.819999694824219;elapsedMs:23;provider:gps;(2020, 12, 13, 15, 8)
latitude:6.27487422;longitude:-75.57386519;altitude:1485.2025146484375;accuracy:6.432000160217285;vertical_accuracy:8.0;bearing:25.600000381469727;speed:14.229999542236328;elapsedMs:24;provider:gps;(2020, 12, 13, 15, 8)
latitude:6.27508552;longitude:-75.57372968;altitude:1491.9468994140625;accuracy:6.432000160217285;vertical_accuracy:8.0;bearing:23.700000762939453;speed:12.680000305175781;elapsedMs:8;provider:gps;(2020, 12, 13, 15, 8)
latitude:6.27526366;longitude:-75.57363454;altitude:1494.713623046875;accuracy:7.504000186920166;vertical_accuracy:12.0;bearing:22.799999237060547;speed:11.40999984741211;elapsedMs:22;provider:gps;(2020, 12, 13, 15, 9)
latitude:6.27546252;longitude:-75.57357455;altitude:1495.0262451171875;accuracy:6.432000160217285;vertical_accuracy:12.0;bearing:17.0;speed:11.5;elapsedMs:18;provider:gps;(2020, 12, 13, 15, 9)
latitude:6.27567327;longitude:-75.57351874;altitude:1498.188720703125;accuracy:5.360000133514404;vertical_accuracy:8.0;bearing:15.399999618530273;speed:10.930000305175781;elapsedMs:19;provider:gps;(2020, 12, 13, 15, 9)
latitude:6.27583128;longitude:-75.57346461;altitude:1500.56103515625;accuracy:5.360000133514404;vertical_accuracy:8.0;bearing:20.200000762939453;speed:7.889999866485596;elapsedMs:9;provider:gps;(2020, 12, 13, 15, 9)
latitude:6.27590174;longitude:-75.57343131;altitude:1501.7509765625;accuracy:5.360000133514404;vertical_accuracy:8.0;bearing:19.799999237060547;speed:4.070000171661377;elapsedMs:10;provider:gps;(2020, 12, 13, 15, 9)
latitude:6.27595797;longitude:-75.57342881;altitude:1501.286376953125;accuracy:5.360000133514404;vertical_accuracy:8.0;bearing:18.899999618530273;speed:2.109999895095825;elapsedMs:6;provider:gps;(2020, 12, 13, 15, 9)
latitude:6.27600065;longitude:-75.57342698;altitude:1498.04931640625;accuracy:5.360000133514404;vertical_accuracy:8.0;bearing:7.599999904632568;speed:1.3600000143051147;elapsedMs:10;provider:gps;(2020, 12, 13, 15, 9)
latitude:6.27599863;longitude:-75.57338377;altitude:1503.54248046875;accuracy:7.504000186920166;vertical_accuracy:12.0;bearing:28.200000762939453;speed:1.4500000476837158;elapsedMs:19;provider:gps;(2020, 12, 13, 15, 9)
latitude:6.2760154;longitude:-75.57340097;altitude:1504.3291015625;accuracy:6.432000160217285;vertical_accuracy:12.0;bearing:0.0;speed:0.0;elapsedMs:6;provider:gps;(2020, 12, 13, 15, 9)
latitude:6.27601176;longitude:-75.57340223;altitude:1505.79638671875;accuracy:6.432000160217285;vertical_accuracy:12.0;bearing:0.0;speed:0.0;elapsedMs:16;provider:gps;(2020, 12, 13, 15, 9)
latitude:6.27600987;longitude:-75.57340592;altitude:1505.4041748046875;accuracy:6.432000160217285;vertical_accuracy:8.0;bearing:0.0;speed:0.0;elapsedMs:27;provider:gps;(2020, 12, 13, 15, 9)
latitude:6.27601531;longitude:-75.57340535;altitude:1503.279296875;accuracy:6.432000160217285;vertical_accuracy:8.0;bearing:0.0;speed:0.0;elapsedMs:7;provider:gps;(2020, 12, 13, 15, 9)
latitude:6.27602079;longitude:-75.57339949;altitude:1503.3885498046875;accuracy:5.360000133514404;vertical_accuracy:8.0;bearing:0.0;speed:0.0;elapsedMs:25;provider:gps;(2020, 12, 13, 15, 9)
latitude:6.2760195;longitude:-75.57339922;altitude:1503.9171142578125;accuracy:5.360000133514404;vertical_accuracy:8.0;bearing:0.0;speed:0.0;elapsedMs:19;provider:gps;(2020, 12, 13, 15, 9)
latitude:6.27601646;longitude:-75.57340174;altitude:1504.338134765625;accuracy:4.288000106811523;vertical_accuracy:6.0;bearing:0.0;speed:0.0;elapsedMs:5;provider:gps;(2020, 12, 13, 15, 9)
latitude:6.27601588;longitude:-75.57340271;altitude:1504.160888671875;accuracy:4.288000106811523;vertical_accuracy:6.0;bearing:0.0;speed:0.0;elapsedMs:7;provider:gps;(2020, 12, 13, 15, 9)
latitude:6.27601611;longitude:-75.5734029;altitude:1504.12841796875;accuracy:4.288000106811523;vertical_accuracy:6.0;bearing:0.0;speed:0.0;elapsedMs:23;provider:gps;(2020, 12, 13, 15, 9)
latitude:6.27601571;longitude:-75.57340298;altitude:1504.11865234375;accuracy:4.288000106811523;vertical_accuracy:6.0;bearing:0.0;speed:0.0;elapsedMs:5;provider:gps;(2020, 12, 13, 15, 9)
latitude:6.27601517;longitude:-75.57340312;altitude:1504.142578125;accuracy:4.288000106811523;vertical_accuracy:6.0;bearing:0.0;speed:0.0;elapsedMs:14;provider:gps;(2020, 12, 13, 15, 9)
latitude:6.27601491;longitude:-75.57340321;altitude:1504.13525390625;accuracy:4.288000106811523;vertical_accuracy:6.0;bearing:0.0;speed:0.0;elapsedMs:7;provider:gps;(2020, 12, 13, 15, 9)
latitude:6.27601488;longitude:-75.57340321;altitude:1504.121826171875;accuracy:4.288000106811523;vertical_accuracy:6.0;bearing:0.0;speed:0.0;elapsedMs:8;provider:gps;(2020, 12, 13, 15, 9)
latitude:6.27601482;longitude:-75.57340329;altitude:1504.154296875;accuracy:4.288000106811523;vertical_accuracy:6.0;bearing:0.0;speed:0.0;elapsedMs:16;provider:gps;(2020, 12, 13, 15, 9)
latitude:6.27601502;longitude:-75.57340326;altitude:1504.194091796875;accuracy:4.288000106811523;vertical_accuracy:6.0;bearing:0.0;speed:0.0;elapsedMs:12;provider:gps;(2020, 12, 13, 15, 9)
latitude:6.27604934;longitude:-75.57339629;altitude:1504.284423828125;accuracy:4.288000106811523;vertical_accuracy:8.0;bearing:9.899999618530273;speed:2.880000114440918;elapsedMs:6;provider:gps;(2020, 12, 13, 15, 9)
latitude:6.2761332;longitude:-75.57337768;altitude:1499.077392578125;accuracy:4.288000106811523;vertical_accuracy:6.0;bearing:11.399999618530273;speed:4.489999771118164;elapsedMs:11;provider:gps;(2020, 12, 13, 15, 9)
latitude:6.27628847;longitude:-75.57333501;altitude:1498.979248046875;accuracy:4.288000106811523;vertical_accuracy:6.0;bearing:13.199999809265137;speed:5.769999980926514;elapsedMs:16;provider:gps;(2020, 12, 13, 15, 9)
latitude:6.27641087;longitude:-75.57329723;altitude:1499.397216796875;accuracy:3.2160000801086426;vertical_accuracy:6.0;bearing:13.100000381469727;speed:6.840000152587891;elapsedMs:10;provider:gps;(2020, 12, 13, 15, 9)
latitude:6.27660194;longitude:-75.57324697;altitude:1498.9976806640625;accuracy:3.2160000801086426;vertical_accuracy:6.0;bearing:16.100000381469727;speed:8.449999809265137;elapsedMs:7;provider:gps;(2020, 12, 13, 15, 9)
latitude:6.27675289;longitude:-75.57318525;altitude:1501.6861572265625;accuracy:3.2160000801086426;vertical_accuracy:6.0;bearing:15.699999809265137;speed:9.039999961853027;elapsedMs:8;provider:gps;(2020, 12, 13, 15, 9)
latitude:6.27689587;longitude:-75.57312115;altitude:1502.751220703125;accuracy:3.2160000801086426;vertical_accuracy:6.0;bearing:16.700000762939453;speed:9.289999961853027;elapsedMs:13;provider:gps;(2020, 12, 13, 15, 9)
latitude:6.27705749;longitude:-75.5730805;altitude:1500.5555419921875;accuracy:3.2160000801086426;vertical_accuracy:6.0;bearing:14.899999618530273;speed:9.229999542236328;elapsedMs:20;provider:gps;(2020, 12, 13, 15, 10)
latitude:6.27721389;longitude:-75.57304192;altitude:1502.999267578125;accuracy:3.2160000801086426;vertical_accuracy:6.0;bearing:12.5;speed:8.989999771118164;elapsedMs:20;provider:gps;(2020, 12, 13, 15, 10)
latitude:6.27739944;longitude:-75.5729923;altitude:1500.6640625;accuracy:4.288000106811523;vertical_accuracy:6.0;bearing:14.0;speed:9.119999885559082;elapsedMs:5;provider:gps;(2020, 12, 13, 15, 10)
latitude:6.27753639;longitude:-75.57295547;altitude:1496.58349609375;accuracy:3.2160000801086426;vertical_accuracy:6.0;bearing:15.800000190734863;speed:8.739999771118164;elapsedMs:4;provider:gps;(2020, 12, 13, 15, 10)
latitude:6.27768913;longitude:-75.57292022;altitude:1494.252197265625;accuracy:4.288000106811523;vertical_accuracy:6.0;bearing:16.200000762939453;speed:8.600000381469727;elapsedMs:4;provider:gps;(2020, 12, 13, 15, 10)
latitude:6.27785422;longitude:-75.57288723;altitude:1492.8880615234375;accuracy:4.288000106811523;vertical_accuracy:8.0;bearing:14.300000190734863;speed:8.319999694824219;elapsedMs:20;provider:gps;(2020, 12, 13, 15, 10)
latitude:6.27799405;longitude:-75.5728512;altitude:1493.4993896484375;accuracy:4.288000106811523;vertical_accuracy:6.0;bearing:11.699999809265137;speed:7.96999979019165;elapsedMs:6;provider:gps;(2020, 12, 13, 15, 10)
latitude:6.27811807;longitude:-75.57283133;altitude:1494.3802490234375;accuracy:3.2160000801086426;vertical_accuracy:6.0;bearing:14.600000381469727;speed:7.639999866485596;elapsedMs:19;provider:gps;(2020, 12, 13, 15, 10)
latitude:6.27827251;longitude:-75.57279446;altitude:1493.1524658203125;accuracy:4.288000106811523;vertical_accuracy:6.0;bearing:13.5;speed:9.0;elapsedMs:8;provider:gps;(2020, 12, 13, 15, 10)
latitude:6.27843044;longitude:-75.57274531;altitude:1492.681884765625;accuracy:4.288000106811523;vertical_accuracy:6.0;bearing:17.200000762939453;speed:9.369999885559082;elapsedMs:9;provider:gps;(2020, 12, 13, 15, 10)
latitude:6.27858657;longitude:-75.57267571;altitude:1492.35693359375;accuracy:4.288000106811523;vertical_accuracy:6.0;bearing:17.899999618530273;speed:9.479999542236328;elapsedMs:9;provider:gps;(2020, 12, 13, 15, 10)
latitude:6.27877394;longitude:-75.57263818;altitude:1491.0775146484375;accuracy:4.288000106811523;vertical_accuracy:6.0;bearing:14.399999618530273;speed:10.0;elapsedMs:10;provider:gps;(2020, 12, 13, 15, 10)
latitude:6.27893895;longitude:-75.57259466;altitude:1493.1026611328125;accuracy:4.288000106811523;vertical_accuracy:6.0;bearing:14.600000381469727;speed:10.100000381469727;elapsedMs:8;provider:gps;(2020, 12, 13, 15, 10)
latitude:6.27913396;longitude:-75.57256956;altitude:1492.84033203125;accuracy:4.288000106811523;vertical_accuracy:6.0;bearing:13.399999618530273;speed:9.550000190734863;elapsedMs:20;provider:gps;(2020, 12, 13, 15, 10)
latitude:6.2792592;longitude:-75.57252571;altitude:1494.683837890625;accuracy:4.288000106811523;vertical_accuracy:6.0;bearing:12.399999618530273;speed:8.420000076293945;elapsedMs:9;provider:gps;(2020, 12, 13, 15, 10)
latitude:6.27933684;longitude:-75.57250211;altitude:1497.8011474609375;accuracy:4.288000106811523;vertical_accuracy:8.0;bearing:15.899999618530273;speed:4.679999828338623;elapsedMs:14;provider:gps;(2020, 12, 13, 15, 10)
latitude:6.27941008;longitude:-75.57247939;altitude:1497.3880615234375;accuracy:4.288000106811523;vertical_accuracy:6.0;bearing:24.0;speed:3.9100000858306885;elapsedMs:21;provider:gps;(2020, 12, 13, 15, 10)
latitude:6.27945576;longitude:-75.57244895;altitude:1498.1585693359375;accuracy:4.288000106811523;vertical_accuracy:6.0;bearing:40.29999923706055;speed:3.259999990463257;elapsedMs:10;provider:gps;(2020, 12, 13, 15, 10)
latitude:6.27947073;longitude:-75.57244521;altitude:1496.4622802734375;accuracy:4.288000106811523;vertical_accuracy:6.0;bearing:40.20000076293945;speed:1.2000000476837158;elapsedMs:19;provider:gps;(2020, 12, 13, 15, 10)
latitude:6.27948184;longitude:-75.57243682;altitude:1497.499755859375;accuracy:4.288000106811523;vertical_accuracy:6.0;bearing:25.799999237060547;speed:0.9399999976158142;elapsedMs:4;provider:gps;(2020, 12, 13, 15, 10)
latitude:6.27949597;longitude:-75.57243452;altitude:1499.193603515625;accuracy:5.360000133514404;vertical_accuracy:8.0;bearing:0.0;speed:0.0;elapsedMs:11;provider:gps;(2020, 12, 13, 15, 10)
latitude:6.27950741;longitude:-75.57243278;altitude:1499.1212158203125;accuracy:4.288000106811523;vertical_accuracy:8.0;bearing:20.299999237060547;speed:0.17000000178813934;elapsedMs:17;provider:gps;(2020, 12, 13, 15, 10)
latitude:6.27952485;longitude:-75.57242042;altitude:1496.3953857421875;accuracy:4.288000106811523;vertical_accuracy:6.0;bearing:0.0;speed:0.0;elapsedMs:6;provider:gps;(2020, 12, 13, 15, 10)
latitude:6.27953398;longitude:-75.57241173;altitude:1498.6285400390625;accuracy:4.288000106811523;vertical_accuracy:6.0;bearing:0.0;speed:0.0;elapsedMs:6;provider:gps;(2020, 12, 13, 15, 10)
latitude:6.27953511;longitude:-75.5724067;altitude:1496.90625;accuracy:4.288000106811523;vertical_accuracy:6.0;bearing:0.0;speed:0.0;elapsedMs:7;provider:gps;(2020, 12, 13, 15, 10)
latitude:6.27953292;longitude:-75.57240368;altitude:1497.3515625;accuracy:3.2160000801086426;vertical_accuracy:6.0;bearing:0.0;speed:0.0;elapsedMs:22;provider:gps;(2020, 12, 13, 15, 10)
latitude:6.27953539;longitude:-75.57240503;altitude:1498.9791259765625;accuracy:4.288000106811523;vertical_accuracy:6.0;bearing:0.0;speed:0.0;elapsedMs:8;provider:gps;(2020, 12, 13, 15, 10)
latitude:6.27953842;longitude:-75.57240677;altitude:1499.4434814453125;accuracy:3.2160000801086426;vertical_accuracy:6.0;bearing:0.0;speed:0.0;elapsedMs:17;provider:gps;(2020, 12, 13, 15, 10)
latitude:6.27954168;longitude:-75.57240723;altitude:1499.8128662109375;accuracy:4.288000106811523;vertical_accuracy:6.0;bearing:0.0;speed:0.0;elapsedMs:11;provider:gps;(2020, 12, 13, 15, 10)
latitude:6.27954397;longitude:-75.5724073;altitude:1499.9578857421875;accuracy:4.288000106811523;vertical_accuracy:6.0;bearing:0.0;speed:0.0;elapsedMs:11;provider:gps;(2020, 12, 13, 15, 10)
latitude:6.2795447;longitude:-75.57240732;altitude:1499.946533203125;accuracy:4.288000106811523;vertical_accuracy:6.0;bearing:0.0;speed:0.0;elapsedMs:14;provider:gps;(2020, 12, 13, 15, 11)
latitude:6.2795449;longitude:-75.57240732;altitude:1499.935302734375;accuracy:3.2160000801086426;vertical_accuracy:6.0;bearing:0.0;speed:0.0;elapsedMs:16;provider:gps;(2020, 12, 13, 15, 11)
latitude:6.2795467;longitude:-75.57240755;altitude:1499.753662109375;accuracy:3.2160000801086426;vertical_accuracy:6.0;bearing:0.0;speed:0.0;elapsedMs:13;provider:gps;(2020, 12, 13, 15, 11)
latitude:6.27958549;longitude:-75.57240823;altitude:1498.3345947265625;accuracy:3.2160000801086426;vertical_accuracy:6.0;bearing:356.8999938964844;speed:3.430000066757202;elapsedMs:16;provider:gps;(2020, 12, 13, 15, 11)
latitude:6.27967576;longitude:-75.57241785;altitude:1501.37841796875;accuracy:4.288000106811523;vertical_accuracy:6.0;bearing:354.5;speed:4.110000133514404;elapsedMs:6;provider:gps;(2020, 12, 13, 15, 11)
latitude:6.27986199;longitude:-75.57240634;altitude:1498.3218994140625;accuracy:3.2160000801086426;vertical_accuracy:6.0;bearing:5.0;speed:6.099999904632568;elapsedMs:7;provider:gps;(2020, 12, 13, 15, 11)
latitude:6.27996675;longitude:-75.5724023;altitude:1496.648681640625;accuracy:4.288000106811523;vertical_accuracy:6.0;bearing:3.5999999046325684;speed:6.269999980926514;elapsedMs:5;provider:gps;(2020, 12, 13, 15, 11)
latitude:6.28010128;longitude:-75.57237861;altitude:1495.2056884765625;accuracy:4.288000106811523;vertical_accuracy:6.0;bearing:5.699999809265137;speed:6.050000190734863;elapsedMs:11;provider:gps;(2020, 12, 13, 15, 11)
latitude:6.2801752;longitude:-75.5723609;altitude:1495.9420166015625;accuracy:4.288000106811523;vertical_accuracy:6.0;bearing:9.699999809265137;speed:3.5399999618530273;elapsedMs:13;provider:gps;(2020, 12, 13, 15, 11)
latitude:6.28019323;longitude:-75.57238185;altitude:1493.29248046875;accuracy:4.288000106811523;vertical_accuracy:6.0;bearing:7.699999809265137;speed:1.8899999856948853;elapsedMs:24;provider:gps;(2020, 12, 13, 15, 11)
latitude:6.28022442;longitude:-75.57238808;altitude:1494.5201416015625;accuracy:4.288000106811523;vertical_accuracy:6.0;bearing:2.200000047683716;speed:0.23000000417232513;elapsedMs:12;provider:gps;(2020, 12, 13, 15, 11)
latitude:6.28022553;longitude:-75.57236882;altitude:1493.2064208984375;accuracy:4.288000106811523;vertical_accuracy:6.0;bearing:3.799999952316284;speed:0.1599999964237213;elapsedMs:8;provider:gps;(2020, 12, 13, 15, 11)
latitude:6.28022289;longitude:-75.57236836;altitude:1494.3736572265625;accuracy:5.360000133514404;vertical_accuracy:8.0;bearing:0.0;speed:0.0;elapsedMs:3;provider:gps;(2020, 12, 13, 15, 11)
latitude:6.28022042;longitude:-75.57236963;altitude:1495.5048828125;accuracy:4.288000106811523;vertical_accuracy:6.0;bearing:0.0;speed:0.0;elapsedMs:27;provider:gps;(2020, 12, 13, 15, 11)
latitude:6.28022953;longitude:-75.57236699;altitude:1495.783203125;accuracy:4.288000106811523;vertical_accuracy:8.0;bearing:0.0;speed:0.0;elapsedMs:12;provider:gps;(2020, 12, 13, 15, 11)
latitude:6.28023149;longitude:-75.57236232;altitude:1496.8040771484375;accuracy:4.288000106811523;vertical_accuracy:8.0;bearing:0.0;speed:0.0;elapsedMs:11;provider:gps;(2020, 12, 13, 15, 11)
latitude:6.28022848;longitude:-75.57236647;altitude:1496.568359375;accuracy:4.288000106811523;vertical_accuracy:6.0;bearing:0.0;speed:0.0;elapsedMs:12;provider:gps;(2020, 12, 13, 15, 11)
latitude:6.28023617;longitude:-75.57236413;altitude:1496.43701171875;accuracy:4.288000106811523;vertical_accuracy:6.0;bearing:0.0;speed:0.0;elapsedMs:9;provider:gps;(2020, 12, 13, 15, 11)
latitude:6.28023847;longitude:-75.5723637;altitude:1496.8271484375;accuracy:4.288000106811523;vertical_accuracy:6.0;bearing:0.0;speed:0.0;elapsedMs:14;provider:gps;(2020, 12, 13, 15, 11)
latitude:6.28023844;longitude:-75.57236397;altitude:1496.877685546875;accuracy:4.288000106811523;vertical_accuracy:6.0;bearing:0.0;speed:0.0;elapsedMs:18;provider:gps;(2020, 12, 13, 15, 11)
latitude:6.2802385;longitude:-75.57236393;altitude:1496.92431640625;accuracy:4.288000106811523;vertical_accuracy:6.0;bearing:0.0;speed:0.0;elapsedMs:4;provider:gps;(2020, 12, 13, 15, 11)
latitude:6.28023844;longitude:-75.57236403;altitude:1496.9189453125;accuracy:3.2160000801086426;vertical_accuracy:6.0;bearing:0.0;speed:0.0;elapsedMs:7;provider:gps;(2020, 12, 13, 15, 11)
latitude:6.28023894;longitude:-75.57236387;altitude:1496.8597412109375;accuracy:4.288000106811523;vertical_accuracy:6.0;bearing:0.0;speed:0.0;elapsedMs:12;provider:gps;(2020, 12, 13, 15, 11)
latitude:6.28023896;longitude:-75.57236388;altitude:1496.8651123046875;accuracy:3.2160000801086426;vertical_accuracy:4.0;bearing:0.0;speed:0.0;elapsedMs:3;provider:gps;(2020, 12, 13, 15, 11)
latitude:6.28030484;longitude:-75.57236646;altitude:1496.12890625;accuracy:3.2160000801086426;vertical_accuracy:4.0;bearing:2.799999952316284;speed:2.9800000190734863;elapsedMs:10;provider:gps;(2020, 12, 13, 15, 11)
latitude:6.28036496;longitude:-75.57236407;altitude:1496.0487060546875;accuracy:3.2160000801086426;vertical_accuracy:4.0;bearing:6.900000095367432;speed:4.190000057220459;elapsedMs:14;provider:gps;(2020, 12, 13, 15, 11)
latitude:6.2804632;longitude:-75.57236088;altitude:1496.5068359375;accuracy:4.288000106811523;vertical_accuracy:4.0;bearing:1.899999976158142;speed:5.559999942779541;elapsedMs:17;provider:gps;(2020, 12, 13, 15, 11)
latitude:6.28059243;longitude:-75.57234201;altitude:1493.9727783203125;accuracy:4.288000106811523;vertical_accuracy:6.0;bearing:7.5;speed:6.510000228881836;elapsedMs:21;provider:gps;(2020, 12, 13, 15, 11)
latitude:6.28076383;longitude:-75.57230479;altitude:1495.46533203125;accuracy:4.288000106811523;vertical_accuracy:6.0;bearing:8.199999809265137;speed:7.900000095367432;elapsedMs:20;provider:gps;(2020, 12, 13, 15, 11)
latitude:6.2809287;longitude:-75.57226184;altitude:1498.64404296875;accuracy:4.288000106811523;vertical_accuracy:6.0;bearing:9.899999618530273;speed:8.850000381469727;elapsedMs:6;provider:gps;(2020, 12, 13, 15, 11)
latitude:6.28108832;longitude:-75.57223622;altitude:1500.4605712890625;accuracy:5.360000133514404;vertical_accuracy:6.0;bearing:7.800000190734863;speed:8.649999618530273;elapsedMs:7;provider:gps;(2020, 12, 13, 15, 12)
latitude:6.2812228;longitude:-75.57223991;altitude:1500.7451171875;accuracy:4.288000106811523;vertical_accuracy:6.0;bearing:8.100000381469727;speed:8.899999618530273;elapsedMs:18;provider:gps;(2020, 12, 13, 15, 12)
latitude:6.28138158;longitude:-75.57222751;altitude:1501.102783203125;accuracy:5.360000133514404;vertical_accuracy:6.0;bearing:5.199999809265137;speed:8.75;elapsedMs:25;provider:gps;(2020, 12, 13, 15, 12)
latitude:6.28154214;longitude:-75.57220436;altitude:1504.6387939453125;accuracy:4.288000106811523;vertical_accuracy:6.0;bearing:7.800000190734863;speed:8.899999618530273;elapsedMs:14;provider:gps;(2020, 12, 13, 15, 12)
latitude:6.28171127;longitude:-75.57217277;altitude:1507.157470703125;accuracy:5.360000133514404;vertical_accuracy:6.0;bearing:8.800000190734863;speed:9.399999618530273;elapsedMs:23;provider:gps;(2020, 12, 13, 15, 12)
latitude:6.28188398;longitude:-75.57214631;altitude:1504.82080078125;accuracy:5.360000133514404;vertical_accuracy:6.0;bearing:11.399999618530273;speed:8.989999771118164;elapsedMs:15;provider:gps;(2020, 12, 13, 15, 12)
latitude:6.28203113;longitude:-75.57211543;altitude:1507.9947509765625;accuracy:5.360000133514404;vertical_accuracy:6.0;bearing:15.199999809265137;speed:9.050000190734863;elapsedMs:1;provider:gps;(2020, 12, 13, 15, 12)
latitude:6.28217036;longitude:-75.57206584;altitude:1506.8951416015625;accuracy:6.432000160217285;vertical_accuracy:8.0;bearing:14.399999618530273;speed:9.050000190734863;elapsedMs:20;provider:gps;(2020, 12, 13, 15, 12)
latitude:6.28235516;longitude:-75.57206581;altitude:1505.018798828125;accuracy:6.432000160217285;vertical_accuracy:8.0;bearing:13.600000381469727;speed:8.75;elapsedMs:6;provider:gps;(2020, 12, 13, 15, 12)
latitude:6.28252554;longitude:-75.57201319;altitude:1504.6571044921875;accuracy:5.360000133514404;vertical_accuracy:8.0;bearing:13.199999809265137;speed:9.210000038146973;elapsedMs:12;provider:gps;(2020, 12, 13, 15, 12)
latitude:6.28266629;longitude:-75.5719697;altitude:1507.304931640625;accuracy:5.360000133514404;vertical_accuracy:6.0;bearing:14.399999618530273;speed:8.670000076293945;elapsedMs:10;provider:gps;(2020, 12, 13, 15, 12)
latitude:6.28280801;longitude:-75.57192451;altitude:1511.26025390625;accuracy:5.360000133514404;vertical_accuracy:6.0;bearing:10.100000381469727;speed:8.880000114440918;elapsedMs:19;provider:gps;(2020, 12, 13, 15, 12)
latitude:6.2829797;longitude:-75.57189331;altitude:1509.66259765625;accuracy:5.360000133514404;vertical_accuracy:8.0;bearing:10.800000190734863;speed:7.519999980926514;elapsedMs:8;provider:gps;(2020, 12, 13, 15, 12)
latitude:6.28309015;longitude:-75.57187789;altitude:1514.545166015625;accuracy:6.432000160217285;vertical_accuracy:8.0;bearing:12.399999618530273;speed:6.170000076293945;elapsedMs:10;provider:gps;(2020, 12, 13, 15, 12)
latitude:6.28313582;longitude:-75.57186672;altitude:1514.877197265625;accuracy:5.360000133514404;vertical_accuracy:8.0;bearing:11.0;speed:1.690000057220459;elapsedMs:25;provider:gps;(2020, 12, 13, 15, 12)
latitude:6.28313517;longitude:-75.57187707;altitude:1515.6143798828125;accuracy:6.432000160217285;vertical_accuracy:8.0;bearing:10.399999618530273;speed:0.2800000011920929;elapsedMs:11;provider:gps;(2020, 12, 13, 15, 12)
latitude:6.28316144;longitude:-75.57184369;altitude:1516.8936767578125;accuracy:6.432000160217285;vertical_accuracy:8.0;bearing:12.0;speed:0.5199999809265137;elapsedMs:5;provider:gps;(2020, 12, 13, 15, 12)
latitude:6.28316765;longitude:-75.57183024;altitude:1515.917724609375;accuracy:5.360000133514404;vertical_accuracy:6.0;bearing:12.399999618530273;speed:0.23999999463558197;elapsedMs:13;provider:gps;(2020, 12, 13, 15, 12)
latitude:6.28315971;longitude:-75.57183408;altitude:1516.8157958984375;accuracy:6.432000160217285;vertical_accuracy:6.0;bearing:12.100000381469727;speed:0.23999999463558197;elapsedMs:12;provider:gps;(2020, 12, 13, 15, 12)
latitude:6.28316071;longitude:-75.57183354;altitude:1516.902099609375;accuracy:6.432000160217285;vertical_accuracy:6.0;bearing:12.0;speed:0.3799999952316284;elapsedMs:13;provider:gps;(2020, 12, 13, 15, 12)
latitude:6.28316233;longitude:-75.57183635;altitude:1514.1270751953125;accuracy:6.432000160217285;vertical_accuracy:6.0;bearing:11.699999809265137;speed:0.15000000596046448;elapsedMs:11;provider:gps;(2020, 12, 13, 15, 12)
latitude:6.28316539;longitude:-75.5718352;altitude:1516.0531005859375;accuracy:7.504000186920166;vertical_accuracy:6.0;bearing:14.899999618530273;speed:1.2200000286102295;elapsedMs:17;provider:gps;(2020, 12, 13, 15, 12)
latitude:6.28318924;longitude:-75.57183224;altitude:1517.154541015625;accuracy:7.504000186920166;vertical_accuracy:8.0;bearing:2.700000047683716;speed:1.4199999570846558;elapsedMs:20;provider:gps;(2020, 12, 13, 15, 12)
latitude:6.28322994;longitude:-75.57183999;altitude:1514.5450439453125;accuracy:5.360000133514404;vertical_accuracy:6.0;bearing:355.6000061035156;speed:2.7200000286102295;elapsedMs:4;provider:gps;(2020, 12, 13, 15, 12)
latitude:6.28329081;longitude:-75.571841;altitude:1513.4990234375;accuracy:4.288000106811523;vertical_accuracy:6.0;bearing:4.300000190734863;speed:3.0799999237060547;elapsedMs:8;provider:gps;(2020, 12, 13, 15, 12)
latitude:6.28334732;longitude:-75.57183183;altitude:1514.19287109375;accuracy:3.2160000801086426;vertical_accuracy:6.0;bearing:8.699999809265137;speed:2.450000047683716;elapsedMs:16;provider:gps;(2020, 12, 13, 15, 12)
latitude:6.28339262;longitude:-75.57182345;altitude:1514.6116943359375;accuracy:3.2160000801086426;vertical_accuracy:4.0;bearing:10.800000190734863;speed:2.609999895095825;elapsedMs:9;provider:gps;(2020, 12, 13, 15, 12)
latitude:6.28345027;longitude:-75.57180649;altitude:1516.5986328125;accuracy:3.2160000801086426;vertical_accuracy:6.0;bearing:16.399999618530273;speed:4.25;elapsedMs:15;provider:gps;(2020, 12, 13, 15, 12)
latitude:6.28352904;longitude:-75.5717836;altitude:1519.3004150390625;accuracy:4.288000106811523;vertical_accuracy:6.0;bearing:12.899999618530273;speed:4.059999942779541;elapsedMs:20;provider:gps;(2020, 12, 13, 15, 12)
latitude:6.28360694;longitude:-75.57177733;altitude:1520.130859375;accuracy:3.2160000801086426;vertical_accuracy:6.0;bearing:1.2000000476837158;speed:4.650000095367432;elapsedMs:4;provider:gps;(2020, 12, 13, 15, 12)
latitude:6.28368647;longitude:-75.57181243;altitude:1509.886474609375;accuracy:4.288000106811523;vertical_accuracy:6.0;bearing:334.3999938964844;speed:4.75;elapsedMs:6;provider:gps;(2020, 12, 13, 15, 13)
latitude:6.28373802;longitude:-75.57189597;altitude:1507.406982421875;accuracy:4.288000106811523;vertical_accuracy:6.0;bearing:299.1000061035156;speed:4.800000190734863;elapsedMs:14;provider:gps;(2020, 12, 13, 15, 13)
latitude:6.28371644;longitude:-75.5720416;altitude:1507.564697265625;accuracy:4.288000106811523;vertical_accuracy:6.0;bearing:270.1000061035156;speed:6.340000152587891;elapsedMs:10;provider:gps;(2020, 12, 13, 15, 13)
latitude:6.28370137;longitude:-75.57215579;altitude:1509.9302978515625;accuracy:4.288000106811523;vertical_accuracy:6.0;bearing:265.79998779296875;speed:6.869999885559082;elapsedMs:9;provider:gps;(2020, 12, 13, 15, 13)
latitude:6.28368602;longitude:-75.57229273;altitude:1508.419677734375;accuracy:4.288000106811523;vertical_accuracy:6.0;bearing:265.29998779296875;speed:6.809999942779541;elapsedMs:16;provider:gps;(2020, 12, 13, 15, 13)
latitude:6.28369867;longitude:-75.57238034;altitude:1508.0433349609375;accuracy:5.360000133514404;vertical_accuracy:8.0;bearing:265.8999938964844;speed:6.920000076293945;elapsedMs:5;provider:gps;(2020, 12, 13, 15, 13)
latitude:6.28373885;longitude:-75.57253877;altitude:1510.7733154296875;accuracy:5.360000133514404;vertical_accuracy:8.0;bearing:280.5;speed:7.300000190734863;elapsedMs:5;provider:gps;(2020, 12, 13, 15, 13)
latitude:6.28379704;longitude:-75.57265252;altitude:1511.0343017578125;accuracy:6.432000160217285;vertical_accuracy:8.0;bearing:296.70001220703125;speed:7.340000152587891;elapsedMs:18;provider:gps;(2020, 12, 13, 15, 13)
latitude:6.28385927;longitude:-75.57273577;altitude:1512.11767578125;accuracy:6.432000160217285;vertical_accuracy:8.0;bearing:312.6000061035156;speed:5.559999942779541;elapsedMs:3;provider:gps;(2020, 12, 13, 15, 13)
latitude:6.2838781;longitude:-75.57273139;altitude:1512.4757080078125;accuracy:5.360000133514404;vertical_accuracy:8.0;bearing:314.29998779296875;speed:1.059999942779541;elapsedMs:9;provider:gps;(2020, 12, 13, 15, 13)
latitude:6.28389085;longitude:-75.57273522;altitude:1512.4185791015625;accuracy:5.360000133514404;vertical_accuracy:8.0;bearing:314.3999938964844;speed:0.5;elapsedMs:19;provider:gps;(2020, 12, 13, 15, 13)
latitude:6.28386213;longitude:-75.57276115;altitude:1514.7452392578125;accuracy:4.288000106811523;vertical_accuracy:8.0;bearing:311.79998779296875;speed:0.20000000298023224;elapsedMs:6;provider:gps;(2020, 12, 13, 15, 13)
latitude:6.2838582;longitude:-75.57276347;altitude:1515.120849609375;accuracy:5.360000133514404;vertical_accuracy:8.0;bearing:312.1000061035156;speed:0.6200000047683716;elapsedMs:14;provider:gps;(2020, 12, 13, 15, 13)
latitude:6.28385869;longitude:-75.57276664;altitude:1517.369873046875;accuracy:6.432000160217285;vertical_accuracy:12.0;bearing:312.0;speed:0.800000011920929;elapsedMs:17;provider:gps;(2020, 12, 13, 15, 13)
latitude:6.28387666;longitude:-75.57276808;altitude:1516.7064208984375;accuracy:5.360000133514404;vertical_accuracy:8.0;bearing:313.0;speed:0.6399999856948853;elapsedMs:23;provider:gps;(2020, 12, 13, 15, 13)
latitude:6.2838872;longitude:-75.57278174;altitude:1510.643310546875;accuracy:6.432000160217285;vertical_accuracy:12.0;bearing:297.0;speed:0.7699999809265137;elapsedMs:21;provider:gps;(2020, 12, 13, 15, 13)
latitude:6.28390382;longitude:-75.57279825;altitude:1513.0478515625;accuracy:6.432000160217285;vertical_accuracy:12.0;bearing:307.70001220703125;speed:0.8100000023841858;elapsedMs:6;provider:gps;(2020, 12, 13, 15, 13)
latitude:6.28392632;longitude:-75.5728116;altitude:1519.0916748046875;accuracy:6.432000160217285;vertical_accuracy:8.0;bearing:315.0;speed:0.8600000143051147;elapsedMs:13;provider:gps;(2020, 12, 13, 15, 13)
